Generation,Elapsed Time (milliseconds),Elapsed Time (mm:ss.mili),Population Size,Tournament Size,Max Generations,Initial Tree Height,Max Tree Height,Mutation Tree Height,Initial Generation Method,Reproduction Method,Input Training Data,Final Fitness Goal,Crossover Probability,Reproduction Probability,Mutation Probability,Final Fitness,Final Height,Final isValid,First Fitness,First Height,First isValid,Final Tree,First Tree
302,1673," 00:01.673 ",100,4,500000,4,10,2,FULL,TOURNAMENT_SELECTION,20001 15313.5 3961.5 1105.5 3 1.5 365.5 4803 7939 147425.5,0.001,90%,10%,5%,2.220446049250313E-16,10,true,2.489986802333334E9,4,true,(((4-x)-4)/((5--6)+5))*(((-1/(((5-x)-5)/((x+4)+(((5-1)+((4--6)+(4+4)))--6))))-1)-(4*(x+(3*x)))),(((-8-x)-(-7*-4))/((5--6)+(-6+4)))*(((-9-7)-(1+4))-((4*1)*(x+x)))
178,780," 00:00.780 ",100,4,500000,4,10,2,FULL,TOURNAMENT_SELECTION,20001 15313.5 3961.5 1105.5 3 1.5 365.5 4803 7939 147425.5,0.001,90%,10%,5%,0.0,5,true,2.24320371345E10,4,true,(x*x)+(-2-(((7-9)-0)-(-7--5))),(((7-3)*(-9+-7))-((1-6)-(-3*-2)))*(((3/-4)*(x*5))-((-4-5)+(4+2)))
54,174," 00:00.174 ",100,4,500000,4,10,2,FULL,TOURNAMENT_SELECTION,20001 15313.5 3961.5 1105.5 3 1.5 365.5 4803 7939 147425.5,0.001,90%,10%,5%,9.31322596819939E-9,8,true,2.2378044772885715E10,4,true,(((6+6)+(-8+x))/((9*((3+6)*(-1/-3)))+(2/-2)))*(((((6+(-8*-1))/((3+9)+(-8+x)))+(((-8--8)/(-8+(-8+x)))/x))-(4-x))*((6+(-8*-2))+4)),(((-8+3)/(-2/-8))*((-6*-4)+(3/-5)))*(((-2/7)-(x+-9))+((4/-5)/(2*-6)))
29,65," 00:00.65 ",100,4,500000,4,10,2,FULL,TOURNAMENT_SELECTION,20001 15313.5 3961.5 1105.5 3 1.5 365.5 4803 7939 147425.5,0.001,90%,10%,5%,0.0,4,true,2.2434880371E10,4,true,(x*(5-(5-x)))+-2,(((1*9)-(-4/-3))*((2+5)+(8+9)))*(((0/-2)+(x--3))-((-5+2)*(7*5)))
26,79," 00:00.79 ",100,4,500000,4,10,2,FULL,TOURNAMENT_SELECTION,20001 15313.5 3961.5 1105.5 3 1.5 365.5 4803 7939 147425.5,0.001,90%,10%,5%,3.725290353973065E-9,8,true,1.2138142782759123E10,4,true,(((0+x)-(1/((0+x)-(1/((4-8)-(-4-x))))))*((0+x)-(1/x)))+(((-2/x)*0)/x),(((-1--2)/(8+-6))+((x*-9)*(x-0)))/(((x/x)*(9-8))+((8/7)*(-9*2)))
56,204," 00:00.204 ",100,4,500000,4,10,2,FULL,TOURNAMENT_SELECTION,20001 15313.5 3961.5 1105.5 3 1.5 365.5 4803 7939 147425.5,0.001,90%,10%,5%,0.0,10,true,2.2461722131E10,4,true,(x*x)+(8+((5-((5-(8+((5-(9+8))-((-1--4)+-1))))+8))-(-3+-1))),(((6/-8)-(-8--4))+((x+-4)*(9+8)))/(((1*-1)/(4+-7))-((9-9)*(-3--3)))
284,1256," 00:01.256 ",100,4,500000,4,10,2,FULL,TOURNAMENT_SELECTION,20001 15313.5 3961.5 1105.5 3 1.5 365.5 4803 7939 147425.5,0.001,90%,10%,5%,1.9099377579090415E-4,10,true,8.523849182729064E9,4,true,(((6/(((0*x)/(3/-8))+(-4+3)))/(6+2))/((5-4)/(-3+6)))-(((((((5/-8)+-4)/(((6*x)/-3)/(2/2)))-((-4/x)-((-4*-3)*(x+x))))/-3)*(x/8))-(((((0/-8)+-4)/(x/x))-(x-((x/2)/3)))/((((2+(x/x))/-3)-((6/(((4/2)/3)-(x/x)))-(-4*(x+(4+5)))))*(-4*4)))),(((x/2)*(x*-9))/((5*-1)-(-9/-4)))+(((-4/6)*(9/7))-((1/6)-(-8*-8)))
15,42," 00:00.42 ",100,4,500000,4,10,2,FULL,TOURNAMENT_SELECTION,20001 15313.5 3961.5 1105.5 3 1.5 365.5 4803 7939 147425.5,0.001,90%,10%,5%,0.0,7,true,1.688026464120046E10,4,true,((((-6/-6)-2)*(x-2))-((x-0)*((-7-((-1*-1)-7))+x)))/(((-6/-6)-(2+0))-(0/(-9*-6))),(((7/-9)*(1*-2))-((x-0)*(-8+x)))/(((-6/-6)-(2+3))-((-1*-1)/(-9*-6)))
77,185," 00:00.185 ",100,4,500000,4,10,2,FULL,TOURNAMENT_SELECTION,20001 15313.5 3961.5 1105.5 3 1.5 365.5 4803 7939 147425.5,0.001,90%,10%,5%,1.1102230246251565E-16,6,true,2.2457500959E10,4,true,x*(x-(((-9-(-6/-6))/-5)/x)),(((-9-1)+(1/2))*((4+6)-(-9*2)))+(((-8+1)+(6+2))*((8*9)*(5+x)))
16,30," 00:00.30 ",100,4,500000,4,10,2,FULL,TOURNAMENT_SELECTION,20001 15313.5 3961.5 1105.5 3 1.5 365.5 4803 7939 147425.5,0.001,90%,10%,5%,0.0,4,true,1807764.0,4,true,(((7+-4)+(x*x))+4)-9,(((-8+-4)+(x*x))+((2-x)*(3*-3)))-(((-4-8)-(-9*6))-((4+-2)+(3*-1)))
698,631," 00:00.631 ",100,4,500000,4,10,2,FULL,TOURNAMENT_SELECTION,20001 15313.5 3961.5 1105.5 3 1.5 365.5 4803 7939 147425.5,0.001,90%,10%,5%,1.1102230246251565E-16,6,true,2.245388871892857E10,4,true,x*(x+(x/(((x+x)/-4)*x))),(((x+-6)*(-2+9))-((8/-8)*(-8/-1)))*(((5/7)*(-7-3))*((-3/5)*(-5+8)))
37,138," 00:00.138 ",100,4,500000,4,10,2,FULL,TOURNAMENT_SELECTION,20001 15313.5 3961.5 1105.5 3 1.5 365.5 4803 7939 147425.5,0.001,90%,10%,5%,0.0,4,true,2.2385222589071426E10,4,true,(x*x)-((9*(-2/-9))*1),(((x*8)-(-2/-9))*((9+5)-(-8*5)))-(((9*0)-(3/4))/((2*-7)/(2*6)))
15,37," 00:00.37 ",100,4,500000,4,10,2,FULL,TOURNAMENT_SELECTION,20001 15313.5 3961.5 1105.5 3 1.5 365.5 4803 7939 147425.5,0.001,90%,10%,5%,0.0,2,true,2.1227431873194443E10,4,true,(x*x)+-2,(((x+5)*(5+x))*((5/2)+(-5/9)))+(((3--8)*(-8/-3))/((-1/-2)-(3/-2)))
35,92," 00:00.92 ",100,4,500000,4,10,2,FULL,TOURNAMENT_SELECTION,20001 15313.5 3961.5 1105.5 3 1.5 365.5 4803 7939 147425.5,0.001,90%,10%,5%,0.0,8,true,558287.2222234819,4,true,((x--6)*((3-4)+(x-5)))-(((-6/-6)-((9/((x/(x*-6))*-2))-(4*-2)))*(-1*-1)),(((1+x)-(2/-9))*((4-3)+(x-5)))-(((9/2)-(3-0))*((-5*-2)*(-1*-1)))
1503,6529," 00:06.529 ",100,4,500000,4,10,2,FULL,TOURNAMENT_SELECTION,20001 15313.5 3961.5 1105.5 3 1.5 365.5 4803 7939 147425.5,0.001,90%,10%,5%,4.5848401133352645E-4,10,true,3.212577308214284E9,4,true,((((x/(((x*(-8*(x*7)))*(x/8))*x))/((7*-2)*((-8*(x*7))+-3)))-x)*(((x/(((-8*x)*(x/8))*(((8*(-7-x))/5)*5)))/8)+((-8/((((-7*(x/7))+7)-x)-7))+((x/(((7*x)*x)*(8*(-7-x))))-x))))--2,(((-5+-5)*(x/7))*((x/5)+(-8-x)))-(((9+-6)+(6/1))-((-5+6)*(8--7)))
417,418," 00:00.418 ",100,4,500000,4,10,2,FULL,TOURNAMENT_SELECTION,20001 15313.5 3961.5 1105.5 3 1.5 365.5 4803 7939 147425.5,0.001,90%,10%,5%,0.0,2,true,2.1908937981277775E10,4,true,(x*x)+-2,(((2*4)*(3-0))-((5*5)*(-3+x)))*(((2/-9)+(7+6))+((5+-2)*(-7*6)))
2089,1886," 00:01.886 ",100,4,500000,4,10,2,FULL,TOURNAMENT_SELECTION,20001 15313.5 3961.5 1105.5 3 1.5 365.5 4803 7939 147425.5,0.001,90%,10%,5%,0.0,3,true,2.24611179228E10,4,true,-1+(-1+(x*x)),(((8*1)*(-7*0))-((-9+9)/(2*x)))+(((4/-5)-(-5/-2))+((-9*x)*(-6+0)))
39,59," 00:00.59 ",100,4,500000,4,10,2,FULL,TOURNAMENT_SELECTION,20001 15313.5 3961.5 1105.5 3 1.5 365.5 4803 7939 147425.5,0.001,90%,10%,5%,0.0,9,true,1.9975017943666668E10,4,true,((((((((x*x)+-9)+8)+-9)-x)+8)+-9)--9)+x,(((-6-6)*(3*9))-((8*-2)+(9-5)))+(((-3-x)*(x/-9))+((8-1)-(1+3)))
1029,3647," 00:03.647 ",100,4,500000,4,10,2,FULL,TOURNAMENT_SELECTION,20001 15313.5 3961.5 1105.5 3 1.5 365.5 4803 7939 147425.5,0.001,90%,10%,5%,3.878289177805527E-6,10,true,2.185920001E10,4,true,(((4+(((8/-5)/-3)+-9))-x)*(2*(9+1)))-(((8+(((((-5*2)+5)-(((-3+x)*2)/4))*((7-(-6-x))*(2*5)))-((4+8)/-9)))+9)/5),(((-5*-9)-(-6-x))*((2*6)-(-7-3)))*(((-1+5)/(5-6))*((2-9)+(-7*4)))
17,35," 00:00.35 ",100,4,500000,4,10,2,FULL,TOURNAMENT_SELECTION,20001 15313.5 3961.5 1105.5 3 1.5 365.5 4803 7939 147425.5,0.001,90%,10%,5%,1.1102230246251565E-16,10,true,2.2232532960666668E10,4,true,x*(((x*-4)/(((3+-3)/(((x*-4)/(((3+-3)/5)-4))+(-3/(x*x))))-4))+(-3/(x*((x-x)+(-3/-2))))),(((-6/-8)-(-8*9))*((3+-8)+(-7*-6)))*(((x*-4)/(-5-4))+((-3/-9)-(-1*-8)))
7,15," 00:00.15 ",100,4,500000,4,10,2,FULL,TOURNAMENT_SELECTION,20001 15313.5 3961.5 1105.5 3 1.5 365.5 4803 7939 147425.5,0.001,90%,10%,5%,0.0,7,true,6887.5,4,true,(((x*x)+(-7-9))-((-7-9)-(-9--7)))-((-7+7)*(((((x*x)+(1-9))-((9-7)-(-9-1)))-0)+(5-1))),(((x*x)+(1-9))-((9-7)-(-9--7)))-(((-2/8)+(-9*5))*((-7-0)+(-7-1)))
70,214," 00:00.214 ",100,4,500000,4,10,2,FULL,TOURNAMENT_SELECTION,20001 15313.5 3961.5 1105.5 3 1.5 365.5 4803 7939 147425.5,0.001,90%,10%,5%,7.683411240577698E-9,7,true,2.2392879487916668E10,4,true,((((-2-(x--4))/((-2-3)*3))/(-2-3))*((5*x)*(-5*3)))+(-2+((((5*x)/3)+(-2-((x--4)-(2--4))))*-9)),(((-3*-7)/(-2-2))*((5*x)*(-5*3)))+(((2-7)/(7+-4))+((-4+6)*(-3-9)))
13,33," 00:00.33 ",100,4,500000,4,10,2,FULL,TOURNAMENT_SELECTION,20001 15313.5 3961.5 1105.5 3 1.5 365.5 4803 7939 147425.5,0.001,90%,10%,5%,0.0,5,true,6230411.857141762,4,true,(((x--6)/(x/x))*x)+(((-6*(x+-3))-(-3-(-6/6)))-((-3--7)-(-3*6))),(((x--6)/(x/x))*((3*6)+(7+x)))+(((5+8)-(8+7))-((6*-7)-(2/7)))
81,270," 00:00.270 ",100,4,500000,4,10,2,FULL,TOURNAMENT_SELECTION,20001 15313.5 3961.5 1105.5 3 1.5 365.5 4803 7939 147425.5,0.001,90%,10%,5%,1.862645149230957E-9,9,true,2.0832166441944447E10,4,true,((x*6)/((2*6)/(3/-9)))*((((x*((6/(-7+6))+6))/x)+(7-7))-((x*6)+((-9*(((6/(-7+6))+6)*(6*7)))-(((-8*3)+(6*6))/x)))),(((9--5)/(6--6))*((6*1)*(-8*-7)))/(((-9/x)/(4*7))/((-8/7)+(-2-4)))
180,625," 00:00.625 ",100,4,500000,4,10,2,FULL,TOURNAMENT_SELECTION,20001 15313.5 3961.5 1105.5 3 1.5 365.5 4803 7939 147425.5,0.001,90%,10%,5%,0.0,2,true,2.19466311785E10,4,true,-2+(x*x),(((6*6)+(-7*-9))*((5*3)+(5+4)))*(((-2*5)*(x/-9))-((-5/-2)+(-4/8)))
47,114," 00:00.114 ",100,4,500000,4,10,2,FULL,TOURNAMENT_SELECTION,20001 15313.5 3961.5 1105.5 3 1.5 365.5 4803 7939 147425.5,0.001,90%,10%,5%,1.1102230246251565E-16,5,true,2.24036331247E10,4,true,((x-((1*2)/x))-((x-x)/((x+x)+(9/-8))))*x,(((7-0)/(8+2))-((4*4)-(9*8)))*(((2+0)*(3*x))+((1*3)+(-4*9)))
1280,6356," 00:06.356 ",100,4,500000,4,10,2,FULL,TOURNAMENT_SELECTION,20001 15313.5 3961.5 1105.5 3 1.5 365.5 4803 7939 147425.5,0.001,90%,10%,5%,9.565706599483081E-4,10,true,1809076.021742703,4,true,(((2+-3)-x)*(((x/x)-x)+((x--6)/(((3+-3)-(1*x))*((-8-x)+(-4/x))))))+((6/((-8/((-8--9)+((-8/(1+(3+-3)))-((-8--8)+-8))))*(((x/x)-x)+(-8--9))))/(((-4/x)+(((((-8-x)+-9)/(1*x))+(2/((-8-x)*((x-x)+(-4/x)))))-(((-8--9)/(-8--9))--9)))-(((((((-8-x)--6)+-8)/x)+-6)-(x+(((-8--9)-x)+((-8--8)+-8))))*(x+-6)))),(((2+-3)-(x+0))*((-8-x)+(-5/x)))+(((5--6)/(-8--9))+((5-8)*(-6*3)))
192,703," 00:00.703 ",100,4,500000,4,10,2,FULL,TOURNAMENT_SELECTION,20001 15313.5 3961.5 1105.5 3 1.5 365.5 4803 7939 147425.5,0.001,90%,10%,5%,9.107427190201689E-4,10,true,2.181421185E10,4,true,x*((((x-8)-(-3+x))/((4-((8-8)-6))*x))+((8/(((x/((4-8)*x))+x)*(8-((((4-8)*(8-x))*(-3*6))*((6*x)*4)))))+((6/((4-8)*x))+x))),(((8*3)+(-1-5))*((5-0)+(x/8)))*(((6-4)-(-8*-4))*((-7*7)+(-1--1)))
654,2017," 00:02.17 ",100,4,500000,4,10,2,FULL,TOURNAMENT_SELECTION,20001 15313.5 3961.5 1105.5 3 1.5 365.5 4803 7939 147425.5,0.001,90%,10%,5%,1.0058284205527457E-7,8,true,2.2431718761E10,4,true,(((((5-6)/((3/-3)+x))+((3-6)+((-2+x)-(-7+(3+-7)))))-5)*-3)*(5-(((3+((-7+(-7+x))-5))/3)-(-3+-7))),(((x+x)/(-5-0))-((3-7)-(-1+x)))*(((-9/-1)-(-5/6))+((9*-4)*(-3+-6)))
9,22," 00:00.22 ",100,4,500000,4,10,2,FULL,TOURNAMENT_SELECTION,20001 15313.5 3961.5 1105.5 3 1.5 365.5 4803 7939 147425.5,0.001,90%,10%,5%,0.0,4,true,2.2334345374454544E10,4,true,-6+(((x/1)*x)+4),(((-1-3)+(-9*7))/((-1/5)/(-2*-9)))*(((-8*-8)+(x--4))/((-1/5)+(6--3)))
143,508," 00:00.508 ",100,4,500000,4,10,2,FULL,TOURNAMENT_SELECTION,20001 15313.5 3961.5 1105.5 3 1.5 365.5 4803 7939 147425.5,0.001,90%,10%,5%,1.0989606480382719E-7,10,true,2.16795890995E10,4,true,(((7/(x/(x/(x/6))))/(((x/(x/(((-3-3)/-3)/((0+-4)+(7-7)))))+-3)+(-7-((7*(0*x))/9))))+(-7+(((((0*(0*x))+(-6*-4))+-4)+(x+(0+-4)))+(x+-9))))/(((-3-3)/(x/6))/((0+-4)+(-7-7))),(((9*9)/(4/6))-((x+-3)*(-7*6)))*(((8--8)/(7-9))-((-7*7)+(6*-9)))
11,30," 00:00.30 ",100,4,500000,4,10,2,FULL,TOURNAMENT_SELECTION,20001 15313.5 3961.5 1105.5 3 1.5 365.5 4803 7939 147425.5,0.001,90%,10%,5%,0.0,5,true,1.06583688295E10,4,true,(((x*(x+1))-(x+3))+(-6/(0--6)))+(0--2),(((0/-1)+(x/2))+((5*4)*(5*-8)))*(((-2*x)/(8--7))/((2+-5)/(8*3)))
56,198," 00:00.198 ",100,4,500000,4,10,2,FULL,TOURNAMENT_SELECTION,20001 15313.5 3961.5 1105.5 3 1.5 365.5 4803 7939 147425.5,0.001,90%,10%,5%,2.1683799536115211E-4,10,true,2.2465637238E10,4,true,(((x/-8)+4)-(((5/(4+(((8-9)+(x*(8-9)))*4)))/5)+((4/-1)--8)))*((((((4/-1)-(4/-1))/(5*3))/x)-4)-((((8/(((8-9)+(x*(8-9)))*4))-(((5/(2*3))/(x/(5--8)))/(-1+-6)))/(((4/(-2/-1))+4)-(-8+(((4-4)+(x*8))*-2))))+(((8-9)+(x*2))*4))),(((9/4)*(7+7))*((8+x)-(-2*-1)))+(((2-0)-(-6-3))-((-4*-4)+(-6-0)))
15,34," 00:00.34 ",100,4,500000,4,10,2,FULL,TOURNAMENT_SELECTION,20001 15313.5 3961.5 1105.5 3 1.5 365.5 4803 7939 147425.5,0.001,90%,10%,5%,0.0,6,true,2.21705615748E10,4,true,-2-(x*((((1*3)+(-2-7))-x)-(-5-1))),(((3*7)*(x/-3))/((1/3)/(-8*9)))-(((2-6)*(-4/-5))*((-1-x)+(2*-6)))
192,744," 00:00.744 ",100,4,500000,4,10,2,FULL,TOURNAMENT_SELECTION,20001 15313.5 3961.5 1105.5 3 1.5 365.5 4803 7939 147425.5,0.001,90%,10%,5%,3.9060336569579635E-4,10,true,2.2446853968E10,4,true,(((x*((8*-8)+-8))+(((((6*(8/-9))*8)+(-9+-8))*((6+-9)/(6/8)))*((2--9)/((-5+(-9*(8*-8)))*((8*(x/8))*((-9+6)*-9))))))+(((6*(8*9))*((((8*((8*-8)-6))+8)+-2)/(-8*((6*((x/8)/-9))*-8))))*(x/(8*((x+0)*((6*8)+-9))))))*((x/8)/-9),(((x+0)*(-1+-9))+((x-x)-(-2-7)))*(((-5+-9)/(-7+3))+((-7+-9)+(9+-9)))
16,40," 00:00.40 ",100,4,500000,4,10,2,FULL,TOURNAMENT_SELECTION,20001 15313.5 3961.5 1105.5 3 1.5 365.5 4803 7939 147425.5,0.001,90%,10%,5%,0.0,4,true,2.23095257075E10,4,true,(((4/-2)-(1-x))*((0+5)-(1-x)))-((1-(0+5))-(6-x)),(((3+0)/(-4+-4))/((-6+5)/(-6*-1)))-(((8--1)*(2--3))*((-3*6)*(x+9)))
220,694," 00:00.694 ",100,4,500000,4,10,2,FULL,TOURNAMENT_SELECTION,20001 15313.5 3961.5 1105.5 3 1.5 365.5 4803 7939 147425.5,0.001,90%,10%,5%,1.1102230246251565E-16,7,true,2.2369208901166668E10,4,true,((((6/7)*(((-6--6)/5)-x))/(-3*((x/7)*x)))-x)*((7+9)-((x--3)+(7--6))),(((4/-3)-(x*-4))/((4+-5)*(-7/-9)))*(((5/-9)+(8+5))*((1*-3)-(2--3)))
52,165," 00:00.165 ",100,4,500000,4,10,2,FULL,TOURNAMENT_SELECTION,20001 15313.5 3961.5 1105.5 3 1.5 365.5 4803 7939 147425.5,0.001,90%,10%,5%,7.184389861658591E-4,10,true,63.30246821540389,4,true,(((-5*9)+((-5+-5)/(6*(-6/-5))))/((7*9)+((((-6/-5)/((-6*(-6/(7*9)))-(((-6/-5)*(-5+-6))+(-6/-5))))*((-5/-5)/-5))+-5)))-((6*(-6/-5))-((x*x)+6)),(((-3*9)+(2/8))/((7*9)+(9+9)))-(((0/6)*(-6/-5))-((x*x)+(-5+-3)))
285,1046," 00:01.46 ",100,4,500000,4,10,2,FULL,TOURNAMENT_SELECTION,20001 15313.5 3961.5 1105.5 3 1.5 365.5 4803 7939 147425.5,0.001,90%,10%,5%,0.0,9,true,2.0786519267125E10,4,true,(x*((2+x)-((0/((6+x)-1))/((((2+x)/5)+((5/(-7-2))*-9))-((0-(2+0))+(-7-(-2--7)))))))+((((2*-9)/(5*-3))+(-4+(4-x)))-((-1+4)-(((6/5)/(0-6))-x))),(((-5+1)-(3*x))/((8*-5)/(2+x)))-(((5-4)-(-9--4))/((-2/6)*(1+4)))
166,448," 00:00.448 ",100,4,500000,4,10,2,FULL,TOURNAMENT_SELECTION,20001 15313.5 3961.5 1105.5 3 1.5 365.5 4803 7939 147425.5,0.001,90%,10%,5%,4.440892098500626E-16,10,true,1.961185347092E10,4,true,x*(3-((3/(((x/3)/((((4/3)*(8+4))/(8/(7*8)))-((8*3)+8)))-(((-3/(4/x))/(4/3))-(x+((x/-3)/5)))))-(x+-3))),(((-6-3)*(9*3))*((-7*8)/(-5/-6)))*(((3/-4)*(9*-4))-((4/5)-(x+-3)))
1559,6723," 00:06.723 ",100,4,500000,4,10,2,FULL,TOURNAMENT_SELECTION,20001 15313.5 3961.5 1105.5 3 1.5 365.5 4803 7939 147425.5,0.001,90%,10%,5%,7.353252343604566E-4,10,true,2.2464734151E10,4,true,(x-(-8/((((4*x)/(7*-9))*6)*((6*3)-7))))*(((x-(((((6*x)/(-5*(-5*x)))--5)*3)/(((6*6)*x)*(6*3))))-((((6*3)/(-5*(-5*x)))*3)/(((-5*((x+3)*x))*(((6/(6*4))*x)*((-5*(x-4))-7)))*x)))-(-8/((-5*6)*((-8/x)-((-5*x)+x))))),(((-5*0)*(7--5))+((-4*-4)+(3*2)))-(((x/1)*(2--4))*((2+-5)-(-1+4)))
9,25," 00:00.25 ",100,4,500000,4,10,2,FULL,TOURNAMENT_SELECTION,20001 15313.5 3961.5 1105.5 3 1.5 365.5 4803 7939 147425.5,0.001,90%,10%,5%,0.0,5,true,2.2318412727481857E10,4,true,-2+((8-7)*((x*(x-1))-(x/-1))),(((4-5)/(-2-1))+((x-4)*(6/7)))*(((-9*7)+(x/-8))/((-7/4)+(-8-6)))
73,232," 00:00.232 ",100,4,500000,4,10,2,FULL,TOURNAMENT_SELECTION,20001 15313.5 3961.5 1105.5 3 1.5 365.5 4803 7939 147425.5,0.001,90%,10%,5%,3.855704563682227E-6,9,true,2.2421605603E10,4,true,(x/((((-9/-9)+-9)+(((-9/-9)+-9)/((1*x)*x)))+(-8/(x*x))))*(((-8*x)*(-9/-9))+(1*((-9/((1*x)*x))/(((-9/-8)/-8)*((((-9/1)+-9)*x)/-9))))),(((2*5)-(-6*9))-((8/-3)/(-6+4)))/(((-5+4)/(-3+9))*((1*9)/(-6*x)))
47,147," 00:00.147 ",100,4,500000,4,10,2,FULL,TOURNAMENT_SELECTION,20001 15313.5 3961.5 1105.5 3 1.5 365.5 4803 7939 147425.5,0.001,90%,10%,5%,0.0,4,true,9.373106271214283E9,4,true,((-3+(x+1))*((9/-9)+(x+3)))-(1+(1+-4)),(((x/5)+(-9*-5))-((4-9)/(0--9)))/(((5/9)+(-4+5))/((7--4)*(-5+x)))
231,936," 00:00.936 ",100,4,500000,4,10,2,FULL,TOURNAMENT_SELECTION,20001 15313.5 3961.5 1105.5 3 1.5 365.5 4803 7939 147425.5,0.001,90%,10%,5%,4.493631422519684E-8,10,true,3.2303808565714297E9,4,true,((((((((-6*x)--6)/(-1*((-6*x)--6)))/-4)/x)*-1)-(0/(((((x*0)--6)/x)--6)-(((-6*-5)-(((-8/-6)+(-7+x))+-1))-((((x*0)--6)/x)-x)))))+((((0/(((x+0)*-7)-(x-(0-0))))*(((-7-x)*-5)-x))-(0/-6))+((x/7)-(-1/(-4*(((x+-1)--7)-((-6*x)--6)))))))*(((x+-1)--7)-((-6*x)--6)),(((2*-7)-(0/-6))+((x/7)-(-5/-4)))*(((5+-1)-(-9+1))-((-6*x)-(9*-8)))
4,10," 00:00.10 ",100,4,500000,4,10,2,FULL,TOURNAMENT_SELECTION,20001 15313.5 3961.5 1105.5 3 1.5 365.5 4803 7939 147425.5,0.001,90%,10%,5%,0.0,4,true,2.24573051455E10,4,true,-1-(((-4+x)+(-4+7))*((-1/1)-x)),(((-2*3)/(-4+-8))-((2--3)+(-4/-2)))-(((-4+x)+(-4+1))*((-1/1)-(-8*-9)))
31,112," 00:00.112 ",100,4,500000,4,10,2,FULL,TOURNAMENT_SELECTION,20001 15313.5 3961.5 1105.5 3 1.5 365.5 4803 7939 147425.5,0.001,90%,10%,5%,0.0,5,true,1.4047240204419641E10,4,true,((((-3+x)*x)+((3*6)/(-4*3)))+(x*3))+(9/(-9+-9)),(((x*3)/(8+0))*((-3+x)+(-9*3)))-(((9/7)-(-5*9))-((7/7)/(7--9)))
176,712," 00:00.712 ",100,4,500000,4,10,2,FULL,TOURNAMENT_SELECTION,20001 15313.5 3961.5 1105.5 3 1.5 365.5 4803 7939 147425.5,0.001,90%,10%,5%,0.0,5,true,2.2004992368857143E10,4,true,((((6-7)-8)+x)--7)-(((8+x)-8)*(-5-(x-6))),(((8*-4)*(-4*x))*((-4-3)+(1/-8)))*(((9+3)/(-7/3))/((3-4)-(-8+5)))
38,105," 00:00.105 ",100,4,500000,4,10,2,FULL,TOURNAMENT_SELECTION,20001 15313.5 3961.5 1105.5 3 1.5 365.5 4803 7939 147425.5,0.001,90%,10%,5%,2.9802322387695312E-8,4,true,9.633139830357141E9,4,true,(((-7--6)*(x/-7))*(x*(-2--9)))-((x/x)-(-7--6)),(((-8--6)*(x/-7))*((x+8)*(-4--9)))-(((-5--4)+(-9*5))+((1--1)-(-6*-2)))
18,42," 00:00.42 ",100,4,500000,4,10,2,FULL,TOURNAMENT_SELECTION,20001 15313.5 3961.5 1105.5 3 1.5 365.5 4803 7939 147425.5,0.001,90%,10%,5%,3.91155481338501E-8,5,true,2.2406390019E10,4,true,(((0/6)-x)/((-9+8)/x))-(6+(((x*8)/(-4+2))/x)),(((-7+-5)+(-6+-6))/((5/-4)/(1*x)))*(((5+7)-(0-5))+((0*1)/(7*-5)))
38,113," 00:00.113 ",100,4,500000,4,10,2,FULL,TOURNAMENT_SELECTION,20001 15313.5 3961.5 1105.5 3 1.5 365.5 4803 7939 147425.5,0.001,90%,10%,5%,1.1175871894586464E-8,7,true,1.6303633015205883E10,4,true,(((-6+8)*(2/(((2/-3)*(-9*5))-((-6+8)*8))))-((x/7)*x))*(((-6+8)+((-9*5)+-6))/((-6+8)-((2+-3)-4))),(((-6*x)/(-3+6))*((0*9)+(-8+x)))*(((-1+-1)-(2/6))/((2+-3)+(-3*-6)))
26,75," 00:00.75 ",100,4,500000,4,10,2,FULL,TOURNAMENT_SELECTION,20001 15313.5 3961.5 1105.5 3 1.5 365.5 4803 7939 147425.5,0.001,90%,10%,5%,0.0,7,true,2.2443845459166668E10,4,true,(((((6-6)/(-4/-3))+((x*1)/(7+-6)))*(x-(-6/x)))-(((6-6)/(((x*1)/(7+-6))*1))/(9+-4)))+((7+-6)*-8),(((3/4)/(-9/2))-((6*1)*(1+0)))-(((-5--4)+(-4+x))*((7+0)*(-5*4)))
25,46," 00:00.46 ",100,4,500000,4,10,2,FULL,TOURNAMENT_SELECTION,20001 15313.5 3961.5 1105.5 3 1.5 365.5 4803 7939 147425.5,0.001,90%,10%,5%,1.3038517043817421E-8,6,true,2.24301866455E10,4,true,((x-(1/x))-(1/x))*(x-((x/(-9/-4))*((0/(x*4))-0))),(((-8-8)+(x*3))*((1*-3)-(-8*9)))-(((3*3)+(6-x))+((-8+3)*(3--6)))
28,73," 00:00.73 ",100,4,500000,4,10,2,FULL,TOURNAMENT_SELECTION,20001 15313.5 3961.5 1105.5 3 1.5 365.5 4803 7939 147425.5,0.001,90%,10%,5%,2.3283064365386963E-10,10,true,2.0391028457055553E10,4,true,(((x*5)/(-6/x))/(-6-(6/((0/((-5/x)-(6/-6)))+-6))))+(((0-((x*5)/(-6/x)))+(-2+(-6/(6/((0/(x-(6/x)))+-6)))))+(6/(6/-6))),(((x*5)/(-6/x))/((2*-5)-(6/-6)))+(((x--1)+(5+-7))+((7*0)*(4*x)))
7,18," 00:00.18 ",100,4,500000,4,10,2,FULL,TOURNAMENT_SELECTION,20001 15313.5 3961.5 1105.5 3 1.5 365.5 4803 7939 147425.5,0.001,90%,10%,5%,0.0,4,true,25.14285749731103,4,true,(((x*x)-(5-3))-(0/(-7+0)))-(5*((-3*0)/(9-1))),(((x*x)-(5-3))-((-4+9)/(-7+0)))-(((7/5)-(3-4))*((-3*2)/(9-1)))
79,321," 00:00.321 ",100,4,500000,4,10,2,FULL,TOURNAMENT_SELECTION,20001 15313.5 3961.5 1105.5 3 1.5 365.5 4803 7939 147425.5,0.001,90%,10%,5%,3.814697265625E-6,10,true,2.2462269492745712E10,4,true,(((6/-1)*(2-x))/((-8+2)+(2+(8*-1))))*((0/((((x--1)/(8*6))/(6/-1))-(2+(-1*x))))+((3-6)+((-3+((((8*0)-(2+(8*x)))--7)/(6-2)))-((-1/(((3-6)*(2-x))/((-8+2)+(2+(8*-1)))))+((((3-6)-6)/-4)*(3/-9)))))),(((-6-9)+(5+4))-((2/5)/(-3*-4)))*(((-9/-7)/(-5-5))-((6+2)+(8*x)))
18,49," 00:00.49 ",100,4,500000,4,10,2,FULL,TOURNAMENT_SELECTION,20001 15313.5 3961.5 1105.5 3 1.5 365.5 4803 7939 147425.5,0.001,90%,10%,5%,0.0,8,true,2.2461116229026096E10,4,true,((-3/-1)+(x*x))-(((-3--3)/(x-((4+-4)-(-6+((-3/-1)+(x*x))))))--5),(((2--4)-(-6*8))+((-6/x)-(2*-4)))+(((-1*x)+(-2+-2))*((-6*7)-(-4*-3)))
69,181," 00:00.181 ",100,4,500000,4,10,2,FULL,TOURNAMENT_SELECTION,20001 15313.5 3961.5 1105.5 3 1.5 365.5 4803 7939 147425.5,0.001,90%,10%,5%,1.862645149230957E-9,7,true,2.2434003644E10,4,true,((((((2*-8)*3)+(2*-8))+-8)/(x*6))-(x*-6))*(-1+(2+(-1-(x/-6)))),(((-3*x)-(6/8))-((-8--5)*(-1+0)))-(((x/-6)+(-8/-9))*((-9*2)*(8*-8)))
126,552," 00:00.552 ",100,4,500000,4,10,2,FULL,TOURNAMENT_SELECTION,20001 15313.5 3961.5 1105.5 3 1.5 365.5 4803 7939 147425.5,0.001,90%,10%,5%,1.1102230246251565E-16,5,true,2.2469957751E10,4,true,x*(x-(-4/((x+x)*(-8--7)))),(((x--4)/(0--1))+((9*x)-(4*-6)))-(((0-4)+(8/4))-((9--6)-(9+4)))
46,136," 00:00.136 ",100,4,500000,4,10,2,FULL,TOURNAMENT_SELECTION,20001 15313.5 3961.5 1105.5 3 1.5 365.5 4803 7939 147425.5,0.001,90%,10%,5%,0.0,8,true,2.24466652135E10,4,true,(((-9+-9)/(-9+((((1+6)+-7)/-8)/(-9+-9))))-((((1+6)+-7)/(((1+6)+x)-(6+-7)))/6))+((-4-(0-((6+x)-((1+6)+-7))))*((-2+x)*(1/1))),(((6*-7)/(-1/3))*((-6+x)-(1+4)))-(((-9-1)-(9-1))/((-2-0)+(0*1)))
37,116," 00:00.116 ",100,4,500000,4,10,2,FULL,TOURNAMENT_SELECTION,20001 15313.5 3961.5 1105.5 3 1.5 365.5 4803 7939 147425.5,0.001,90%,10%,5%,0.0,8,true,2.236960855915306E10,4,true,(((2*9)-(-6-6))-(((((5--6)+((-3+x)-(5--6)))+(0*8))*((x*-1)+(-2+-1)))-(-6-8)))-(((8+-9)+(-5*-2))+((0*8)/((((-6-8)+(-6*x))+(-2+-6))*9))),(((-2/-2)+(-3*2))*((-6/-1)-(-8/-7)))*(((-8-2)/(-7*-8))-((x*7)*(-6/-2)))
179,831," 00:00.831 ",100,4,500000,4,10,2,FULL,TOURNAMENT_SELECTION,20001 15313.5 3961.5 1105.5 3 1.5 365.5 4803 7939 147425.5,0.001,90%,10%,5%,0.0,2,true,2.2309515223833332E10,4,true,(-6--4)+(x*x),(((4+x)*(7*6))*((-5-9)*(-2/6)))*(((0*-6)+(-4/6))+((-6*-8)/(2--8)))
264,728," 00:00.728 ",100,4,500000,4,10,2,FULL,TOURNAMENT_SELECTION,20001 15313.5 3961.5 1105.5 3 1.5 365.5 4803 7939 147425.5,0.001,90%,10%,5%,1.1102230246251565E-16,7,true,4.0138591732468E13,6,true,((((((4-4)+-5)/-5)--9)/(-5*x))+x)*x,(((-3/-3)*(3+x))+((0/5)-(-1/5)))*(((((-8-9)*(x--7))*-5)*(4-7))*((x+1)-(x+-6)))
137,488," 00:00.488 ",100,4,500000,4,10,2,FULL,TOURNAMENT_SELECTION,20001 15313.5 3961.5 1105.5 3 1.5 365.5 4803 7939 147425.5,0.001,90%,10%,5%,1.1102230246251565E-16,4,true,2.2317810746714287E10,4,true,x*(x-((-6/-3)/x)),(((5+9)*(-2+-9))*((x+-9)*(1*-5)))-(((-3-0)+(3+9))+((-9/7)-(8-x)))
661,2132," 00:02.132 ",100,4,500000,4,10,2,FULL,TOURNAMENT_SELECTION,20001 15313.5 3961.5 1105.5 3 1.5 365.5 4803 7939 147425.5,0.001,90%,10%,5%,3.883847967012244E-6,10,true,2.2404452211E10,4,true,(7+(((-4*(-4/(x+((4/(4+4))*4))))/((x/7)+x))-(7*x)))/((-4*7)/(4*((4/((4/x)*((4/4)+x)))+x))),(((9*-7)*(-7-9))*((4/-4)/(-1--7)))*(((0*8)*(-3--7))+((9*-1)-(2*x)))
137,515," 00:00.515 ",100,4,500000,4,10,2,FULL,TOURNAMENT_SELECTION,20001 15313.5 3961.5 1105.5 3 1.5 365.5 4803 7939 147425.5,0.001,90%,10%,5%,1.1102230246251565E-16,6,true,2.2450851403627537E10,4,true,(1*x)*((((-9-1)*(1/(x*5)))/1)+x),(((-2/4)+(1*x))/((4+-1)-(-4+-3)))-(((5*-7)*(x*3))+((1/x)/(-6/8)))
25,76," 00:00.76 ",100,4,500000,4,10,2,FULL,TOURNAMENT_SELECTION,20001 15313.5 3961.5 1105.5 3 1.5 365.5 4803 7939 147425.5,0.001,90%,10%,5%,7.888919539318362E-4,10,true,8483234.44444449,4,true,((((5/(-2+7))*9)+(-8-x))*((2/((((((-2+7)+(-8-x))*((2/-1)-(x--1)))-(x--1))*((((-2+7)+(-8*9))*((-1/9)-(x--1)))-(x--1)))-9))-(x--1)))-((((2-(6+6))+4)--8)+-1),(((5*9)+(-8-x))*((2/9)-(x--1)))-(((8+4)-(-2+7))+((6*x)+(7*-5)))
41,117," 00:00.117 ",100,4,500000,4,10,2,FULL,TOURNAMENT_SELECTION,20001 15313.5 3961.5 1105.5 3 1.5 365.5 4803 7939 147425.5,0.001,90%,10%,5%,2.220446049250313E-16,5,true,2.24437825055E10,4,true,-1+(((1*3)-((-8+x)/-3))*((-8+(1*5))-(-3*x))),(((1/-3)-(-6*3))+((x/-9)+(3/-3)))*(((4*-9)-(8+9))*((9*1)+(9--6)))
28,72," 00:00.72 ",100,4,500000,4,10,2,FULL,TOURNAMENT_SELECTION,20001 15313.5 3961.5 1105.5 3 1.5 365.5 4803 7939 147425.5,0.001,90%,10%,5%,0.0,6,true,2.2451344278685184E10,4,true,((-7-(6/-3))-((((-7+3)/-3)*(6*x))*(x/-8)))--3,(((4+0)+(6+7))+((-5/9)/(-6--1)))*(((-7+1)-(-7*0))*((4-x)+(7/9)))
2406,2494," 00:02.494 ",100,4,500000,4,10,2,FULL,TOURNAMENT_SELECTION,20001 15313.5 3961.5 1105.5 3 1.5 365.5 4803 7939 147425.5,0.001,90%,10%,5%,0.0,2,true,2.195612282015873E10,4,true,-2+(x*x),(((-9*x)*(7*-9))-((-8/9)+(5*6)))*(((4--4)+(7--9))/((7-1)-(3/4)))
1616,1806," 00:01.806 ",100,4,500000,4,10,2,FULL,TOURNAMENT_SELECTION,20001 15313.5 3961.5 1105.5 3 1.5 365.5 4803 7939 147425.5,0.001,90%,10%,5%,0.0,2,true,1.1190139243E10,4,true,-2+(x*x),(((9*8)-(-1+-6))+((-5*-9)*(6*-3)))*(((8+5)*(-4+-7))*((8+x)-(-2-5)))
298,1660," 00:01.660 ",100,4,500000,4,10,2,FULL,TOURNAMENT_SELECTION,20001 15313.5 3961.5 1105.5 3 1.5 365.5 4803 7939 147425.5,0.001,90%,10%,5%,0.0,2,true,2.1722901513925808E10,4,true,-2+(x*x),(((8-7)/(-9--2))+((-3/x)*(6--2)))-(((x*x)-(3/7))/((-9/1)+(-7*3)))
1589,3531," 00:03.531 ",100,4,500000,4,10,2,FULL,TOURNAMENT_SELECTION,20001 15313.5 3961.5 1105.5 3 1.5 365.5 4803 7939 147425.5,0.001,90%,10%,5%,1.3038517043817421E-8,6,true,1.7976938538768913E10,4,true,((((x+(-1/x))+0)+(((5/5)*-1)/x))+0)*x,(((-5/x)/(4*-5))+((5*5)-(7/6)))+(((8+x)/(5*1))*((-1/5)+(x+8)))
172,642," 00:00.642 ",100,4,500000,4,10,2,FULL,TOURNAMENT_SELECTION,20001 15313.5 3961.5 1105.5 3 1.5 365.5 4803 7939 147425.5,0.001,90%,10%,5%,0.0,4,true,2.2460727266E10,4,true,(((x/1)*(x/1))--7)+-9,(((5-1)*(7+0))*((x*2)-(-5*-8)))-(((-3/-1)*(-2*-7))-((6+-9)+(9/-4)))
4062,3904," 00:03.904 ",100,4,500000,4,10,2,FULL,TOURNAMENT_SELECTION,20001 15313.5 3961.5 1105.5 3 1.5 365.5 4803 7939 147425.5,0.001,90%,10%,5%,0.0,2,true,2.232757242538889E10,4,true,(x*x)+(1+-3),(((-4+9)-(9/2))*((-5--4)/(9/-5)))+(((8*x)-(9+-5))*((-8+-7)*(-5+-1)))
18,48," 00:00.48 ",100,4,500000,4,10,2,FULL,TOURNAMENT_SELECTION,20001 15313.5 3961.5 1105.5 3 1.5 365.5 4803 7939 147425.5,0.001,90%,10%,5%,0.0,5,true,2.23828221637E10,4,true,(x*x)+((-2/(6-0))*(((-6*6)+(3-3))/-6)),(((6*5)+(3--4))*((x-1)*(4*3)))-(((-9+1)-(3*-3))/((-5/7)*(7+-5)))
12,30," 00:00.30 ",100,4,500000,4,10,2,FULL,TOURNAMENT_SELECTION,20001 15313.5 3961.5 1105.5 3 1.5 365.5 4803 7939 147425.5,0.001,90%,10%,5%,0.0,4,true,160269.33333659975,4,true,((9*(8-9))+1)-(x-((x*x)+(6+x))),(((-3*6)*(8-1))+((7*6)+(x/-5)))-(((-4/-9)-(-9+9))-((x*x)+(6+x)))
42,112," 00:00.112 ",100,4,500000,4,10,2,FULL,TOURNAMENT_SELECTION,20001 15313.5 3961.5 1105.5 3 1.5 365.5 4803 7939 147425.5,0.001,90%,10%,5%,3.958120942115784E-9,6,true,2.222693625E10,4,true,(1-x)*((-5-x)+(((8/(1-x))/-8)+4)),(((8+4)*(-9+-8))/((1/-4)/(3/-2)))*(((8/-3)+(-8-x))+((-5*1)+(4+9)))
11,27," 00:00.27 ",100,4,500000,4,10,2,FULL,TOURNAMENT_SELECTION,20001 15313.5 3961.5 1105.5 3 1.5 365.5 4803 7939 147425.5,0.001,90%,10%,5%,0.0,5,true,5624398.00000128,4,true,((-1+(-2+-2))--4)-(((x+-6)+((3/3)+4))*(((3/3)+-2)+(x*-1))),(((9+4)*(-3/-9))-((6+6)-(8-9)))-(((x+-6)+(-9+-2))*((4--7)+(x*-1)))
646,2722," 00:02.722 ",100,4,500000,4,10,2,FULL,TOURNAMENT_SELECTION,20001 15313.5 3961.5 1105.5 3 1.5 365.5 4803 7939 147425.5,0.001,90%,10%,5%,1.514328873177817E-4,9,true,2.2411959533666668E10,4,true,((((((x+0)/((9*x)+(0*(2/9))))/7)/((-9/(4+0))+((-8/7)*(7-(-9/(4+0))))))+(-8-2))+((9/(((((7/2)+(0+7))/(2/-1))/(7/2))+((7/2)+(-8*5))))+(7-((((x+(7/2))/((7/2)+-8))--2)*((3+(0+(9*x)))/(7/2))))))-((((x+6)/(2+-8))-0)*((3+(5+(9*x)))/(7/2))),(((x+x)+(-8/-3))*((-6*2)+(7*4)))*(((1-7)+(6+-6))/((-4*9)/(7*8)))
15,33," 00:00.33 ",100,4,500000,4,10,2,FULL,TOURNAMENT_SELECTION,20001 15313.5 3961.5 1105.5 3 1.5 365.5 4803 7939 147425.5,0.001,90%,10%,5%,0.0,5,true,1609747.0,4,true,((((7-6)*(-7*-1))/7)-(x+3))+((-4-(6*-4))+((x+(-5--1))*(5+x))),(((5*5)*(-7*-1))*((-4+-2)/(-5--1)))+(((8-6)-(6*7))+((x+3)*(5+x)))
118,371," 00:00.371 ",100,4,500000,4,10,2,FULL,TOURNAMENT_SELECTION,20001 15313.5 3961.5 1105.5 3 1.5 365.5 4803 7939 147425.5,0.001,90%,10%,5%,0.0,2,true,2.14043797715E10,4,true,(x*x)-2,(((2+6)*(2+6))*((x+1)*(-8+-1)))*(((-4*7)+(6+5))+((1-6)*(3/-2)))
50,143," 00:00.143 ",100,4,500000,4,10,2,FULL,TOURNAMENT_SELECTION,20001 15313.5 3961.5 1105.5 3 1.5 365.5 4803 7939 147425.5,0.001,90%,10%,5%,0.0,2,true,2.1328866887E10,4,true,-2+(x*x),(((7/1)+(x+-6))*((5*-7)-(-9+7)))*(((9+-6)/(-2/7))+((-3*4)*(7--7)))
14,37," 00:00.37 ",100,4,500000,4,10,2,FULL,TOURNAMENT_SELECTION,20001 15313.5 3961.5 1105.5 3 1.5 365.5 4803 7939 147425.5,0.001,90%,10%,5%,0.0,2,true,2.245265464125E10,4,true,(x*x)-2,(((8*x)*(5--7))+((1*-8)-(7+-9)))-(((-2-1)*(-6/-9))-((-6+-2)-(x/-8)))
7,17," 00:00.17 ",100,4,500000,4,10,2,FULL,TOURNAMENT_SELECTION,20001 15313.5 3961.5 1105.5 3 1.5 365.5 4803 7939 147425.5,0.001,90%,10%,5%,0.0,5,true,801558.0,4,true,7+(((x*x)-((3*3)+-6))-(3*(1--1))),(((-2-7)*(7*6))+((8*x)/(1--1)))+(((x*x)-(1+-6))-((0/x)+(4*-6)))
82,228," 00:00.228 ",100,4,500000,4,10,2,FULL,TOURNAMENT_SELECTION,20001 15313.5 3961.5 1105.5 3 1.5 365.5 4803 7939 147425.5,0.001,90%,10%,5%,0.0,10,true,2.2181984185907738E10,4,true,((x-((8/x)/-8))*(x-((((1-(-8/(x/-3)))/(1/(2+(x+8))))/((8*((-3*-9)/(-6+(0/x))))/-8))*0)))+-3,(((-2*x)*(-6*1))-((x-8)/(-6/x)))*(((2+0)-(-6+-5))/((-2+-6)*(7*-3)))
106,329," 00:00.329 ",100,4,500000,4,10,2,FULL,TOURNAMENT_SELECTION,20001 15313.5 3961.5 1105.5 3 1.5 365.5 4803 7939 147425.5,0.001,90%,10%,5%,0.0,3,true,2.2241867870571426E10,4,true,((5*2)+(x*x))-(6*2),(((3*3)-(4/-7))*((6/-7)*(2+-4)))*(((x*5)-(8*-2))*((1*5)+(0--9)))
28,60," 00:00.60 ",100,4,500000,4,10,2,FULL,TOURNAMENT_SELECTION,20001 15313.5 3961.5 1105.5 3 1.5 365.5 4803 7939 147425.5,0.001,90%,10%,5%,1.3038517820973539E-8,7,true,1.68442389875E10,4,true,x*((((-1/x)/(-6/(-1/(-1/-6))))-(-1*-6))+(((-1*-6)+x)-((-6/-6)/x))),(((9-5)*(-3*-4))-((1*x)*(2/-8)))*(((0/-9)-(-1*-6))+((8+x)-(-1/-6)))
70,233," 00:00.233 ",100,4,500000,4,10,2,FULL,TOURNAMENT_SELECTION,20001 15313.5 3961.5 1105.5 3 1.5 365.5 4803 7939 147425.5,0.001,90%,10%,5%,1.1102230246251565E-16,3,true,2.230778839259589E10,4,true,((-2/x)+x)*x,(((-3/-4)*(-3--5))*((1-3)-(4-0)))+(((x/-3)*(0+x))/((-5*9)+(5/-8)))
15,39," 00:00.39 ",100,4,500000,4,10,2,FULL,TOURNAMENT_SELECTION,20001 15313.5 3961.5 1105.5 3 1.5 365.5 4803 7939 147425.5,0.001,90%,10%,5%,0.0,6,true,2210404.7142873723,4,true,(((2+x)+(9+-8))*((x+-8)-(2*-2)))+((-8+(((-8/-7)*7)--5))+(9+((x+-8)-(2*-2)))),(((2+x)+(9+-8))*((x+-8)-(-3*-2)))+(((-8/-7)*(5--5))+((2-0)-(5-2)))
24,56," 00:00.56 ",100,4,500000,4,10,2,FULL,TOURNAMENT_SELECTION,20001 15313.5 3961.5 1105.5 3 1.5 365.5 4803 7939 147425.5,0.001,90%,10%,5%,0.0,3,true,2.233928151804491E10,4,true,(x*x)+(7+(-2-7)),(((-8+x)/(1+-4))*((1+-6)/(x/-3)))+(((4-8)+(5*-9))*((-9/4)*(x*6)))
217,1030," 00:01.30 ",100,4,500000,4,10,2,FULL,TOURNAMENT_SELECTION,20001 15313.5 3961.5 1105.5 3 1.5 365.5 4803 7939 147425.5,0.001,90%,10%,5%,1.1102230246251565E-16,3,true,2.2260277047566666E10,4,true,x*((-2/x)+x),(((7/5)+(6/-9))-((-3--3)/(-5*-7)))-(((-2--4)*(x--8))*((8*-6)*(9--2)))
35,111," 00:00.111 ",100,4,500000,4,10,2,FULL,TOURNAMENT_SELECTION,20001 15313.5 3961.5 1105.5 3 1.5 365.5 4803 7939 147425.5,0.001,90%,10%,5%,9.499490261077881E-8,6,true,1.925395646014286E10,4,true,((-2/7)-((1*x)/(-5-2)))*(((3-5)/(((1*x)/(-5-2))+((3-5)/(-5-2))))+((x-((x-2)+(-7+-5)))+(x*7))),(((-2/7)-(4*-9))-((1*x)/(-5-2)))*(((3-5)/(-7+-5))+((x-2)+(3*7)))
39,85," 00:00.85 ",100,4,500000,4,10,2,FULL,TOURNAMENT_SELECTION,20001 15313.5 3961.5 1105.5 3 1.5 365.5 4803 7939 147425.5,0.001,90%,10%,5%,0.0,4,true,2.2356614853E10,4,true,((4+(-4-x))*((x/-2)+(x/-2)))+-2,(((-5+x)*(3*-8))*((2*-3)*(9+-5)))-(((x+7)+(-1-2))+((4*0)*(9/-2)))
4364,4178," 00:04.178 ",100,4,500000,4,10,2,FULL,TOURNAMENT_SELECTION,20001 15313.5 3961.5 1105.5 3 1.5 365.5 4803 7939 147425.5,0.001,90%,10%,5%,0.0,2,true,2.2463968480433334E10,4,true,(x*x)+-2,(((-8*3)/(3*1))*((7/5)/(-9/6)))*(((5+-2)-(9*4))+((6/-9)*(-8*x)))
83,233," 00:00.233 ",100,4,500000,4,10,2,FULL,TOURNAMENT_SELECTION,20001 15313.5 3961.5 1105.5 3 1.5 365.5 4803 7939 147425.5,0.001,90%,10%,5%,0.0,4,true,2.224475984420864E10,4,true,(6--4)+(-8-(4-(x*x))),(((6*3)-(-4+-4))-((8+1)/(x--8)))-(((x*9)*(-3*-7))*((2+0)-(1--7)))
116,316," 00:00.316 ",100,4,500000,4,10,2,FULL,TOURNAMENT_SELECTION,20001 15313.5 3961.5 1105.5 3 1.5 365.5 4803 7939 147425.5,0.001,90%,10%,5%,1.1102230246251565E-16,5,true,1.3893264239E10,4,true,(x-(8/(x-(x*-3))))*x,(((2--7)-(-5*7))*((-4-4)*(5/1)))*(((4*-3)-(x-3))*((-5*-9)+(-9+7)))
50,189," 00:00.189 ",100,4,500000,4,10,2,FULL,TOURNAMENT_SELECTION,20001 15313.5 3961.5 1105.5 3 1.5 365.5 4803 7939 147425.5,0.001,90%,10%,5%,1.5987211554602254E-14,8,true,1.3261654422819843E9,4,true,(((6/2)*(1*-2))+(0-(9-8)))-(((-5-x)+-2)*((x+5)+(((-4/3)-(6/((2-x)-9)))*((9-4)+4)))),(((4+0)*(-3+x))*((4-8)+(6*0)))*(((4/3)-(6/x))+((-3-x)/(8--9)))
10,38," 00:00.38 ",100,4,500000,4,10,2,FULL,TOURNAMENT_SELECTION,20001 15313.5 3961.5 1105.5 3 1.5 365.5 4803 7939 147425.5,0.001,90%,10%,5%,0.0,4,true,2.03143248115E10,4,true,((8-1)/(8-1))*(((7+-5)+-4)+(x*x)),(((4-7)*(3*8))-((-7*-6)-(1*-7)))*(((-4+-3)*(-5--7))*((7*x)+(7+-5)))
15,39," 00:00.39 ",100,4,500000,4,10,2,FULL,TOURNAMENT_SELECTION,20001 15313.5 3961.5 1105.5 3 1.5 365.5 4803 7939 147425.5,0.001,90%,10%,5%,0.0,6,true,2.24376175085E10,5,true,(((-4*-1)*(5+1))-((x/-9)*(2*x)))+(-9-(1-((-4+(-3*4))-((x/-9)*(7*x))))),(((0-0)*(7/-5))+((3+(-8+-7))+(0-7)))*(((-4*-1)*(5-x))-((-4+x)*(1+4)))

116,364," 00:00.364 ",100,6,500000,4,10,2,FULL,TOURNAMENT_SELECTION,20001 15313.5 3961.5 1105.5 3 1.5 365.5 4803 7939 147425.5,0.001,90%,10%,5%,3.827968612424293E-6,9,true,2.24589096825E10,4,true,((x+(-3/((((x+x)*(x/(x*x)))*((x+(x+x))*(x/(x*x))))*x)))+(x*(-3/((((x+x)*(x/(x*x)))*x)*x))))*x,(((2*7)+(-2+0))+((-7*x)+(-6*-9)))+(((-4/-2)-(-2*-8))+((4-x)*(9*-8)))
30,103," 00:00.103 ",100,6,500000,4,10,2,FULL,TOURNAMENT_SELECTION,20001 15313.5 3961.5 1105.5 3 1.5 365.5 4803 7939 147425.5,0.001,90%,10%,5%,0.0,10,true,2.2468953782686855E10,4,true,(((9-x)+(-9--7))*(-7-x))+(((0/3)/((-9*(((-9/(-7/(-7--2)))/-9)+(x*-4)))-8))+((-9*((8/((9--2)+(-9--7)))+(1*-7)))-8)),(((-6+-2)+(5*-9))+((-3*x)*(-5/1)))+(((-7+5)*(-2/x))*((-3+0)*(-2+-4)))
32,161," 00:00.161 ",100,6,500000,4,10,2,FULL,TOURNAMENT_SELECTION,20001 15313.5 3961.5 1105.5 3 1.5 365.5 4803 7939 147425.5,0.001,90%,10%,5%,3.704626612620887E-4,9,true,1933.2857141998488,4,true,((((0-(8/7))/((7+-9)/(-6+8)))/(((-5/-2)-((-9--6)-(8/7)))*(((9/-7)--6)+(-7/-8))))*(((8/7)*((8/7)*(-8/-8)))+((((((8/7)/5)/2)-(8/(8/7)))/9)/-9)))+(((x*x)-((9/5)/2))-((8/7)*(-8/-8))),(((-4-4)-(-4/-4))*((6-0)+(-8*-2)))+(((x*x)-(-9/2))-((8/7)*(-8/-5)))
57,217," 00:00.217 ",100,6,500000,4,10,2,FULL,TOURNAMENT_SELECTION,20001 15313.5 3961.5 1105.5 3 1.5 365.5 4803 7939 147425.5,0.001,90%,10%,5%,1.3322676295501878E-15,7,true,2.2006500735E10,4,true,((((x+-8)-(2/((x*-1)*-1)))+7)--1)*x,(((-8*-5)*(-6*-9))+((5+5)*(2*2)))*(((9+8)/(-8*2))*((0--1)-(2+x)))
39,145," 00:00.145 ",100,6,500000,4,10,2,FULL,TOURNAMENT_SELECTION,20001 15313.5 3961.5 1105.5 3 1.5 365.5 4803 7939 147425.5,0.001,90%,10%,5%,6.146729170097842E-8,9,true,870568.7850303876,4,true,(((5*x)+(1/x))+(((0*8)-((0*8)-6))-((-6*3)/-6)))-(((0+-5)*(2*-1))-(((((-1/x)+(4-x))/((-9+3)-(-5*3)))*(((((1+-4)+-5)*x)-((x-6)-6))+((-3*7)+(-3*-6))))-0)),(((-5/x)+(4-x))/((-9+3)-(-5*3)))*(((-8*x)-(x-6))+((-3*7)+(-3*-6)))
10,27," 00:00.27 ",100,6,500000,4,10,2,FULL,TOURNAMENT_SELECTION,20001 15313.5 3961.5 1105.5 3 1.5 365.5 4803 7939 147425.5,0.001,90%,10%,5%,3.91155481338501E-8,6,true,1.7978056477600002E10,4,true,((((-8-(-8/-8))+7)-(x-7))-((7-(x--7))/(1/x)))-(7-x),(((-8+7)-(x-4))-((7-x)/(5/x)))-(((7+-9)*(-3--9))*((-8+4)-(6/4)))
4260,5475," 00:05.475 ",100,6,500000,4,10,2,FULL,TOURNAMENT_SELECTION,20001 15313.5 3961.5 1105.5 3 1.5 365.5 4803 7939 147425.5,0.001,90%,10%,5%,1.3038517043817421E-8,5,true,2.2469957886857143E10,4,true,((x+(3/(x*-3)))+(3/(x*-3)))*x,(((-9+-1)*(x--1))*((-5+6)+(-2-0)))-(((-1/-2)+(-1*5))/((5--2)-(2*7)))
11,33," 00:00.33 ",100,6,500000,4,10,2,FULL,TOURNAMENT_SELECTION,20001 15313.5 3961.5 1105.5 3 1.5 365.5 4803 7939 147425.5,0.001,90%,10%,5%,0.0,6,true,2611573.58333377,4,true,((2*x)/x)-((-6-(5/((-6/-9)/(-6--8))))-((-5+x)*(x--5))),(((-9--8)*(-5/8))-((-6/-9)/(-6--8)))-(((2+-3)-(5/-9))-((-5+x)*(x-8)))
12,34," 00:00.34 ",100,6,500000,4,10,2,FULL,TOURNAMENT_SELECTION,20001 15313.5 3961.5 1105.5 3 1.5 365.5 4803 7939 147425.5,0.001,90%,10%,5%,0.0,4,true,2.0560673874166668E10,4,true,(x*((x+-9)-(-4+-4)))+(((x+-9)-(-1+-4))+2),(((x/9)-(-5/-2))/((6*-8)*(-2/x)))*(((-6+-8)/(3--1))*((9--5)-(-5*-7)))
29070,30483," 00:30.483 ",100,6,500000,4,10,2,FULL,TOURNAMENT_SELECTION,20001 15313.5 3961.5 1105.5 3 1.5 365.5 4803 7939 147425.5,0.001,90%,10%,5%,0.0,4,true,2.22678911765E10,4,true,(-3+((-8-1)/-9))+(x*x),(((9--7)-(-1--8))-((-7--3)-(2*x)))*(((-9*1)*(6*-9))-((-6+-1)-(-4*-4)))
20,53," 00:00.53 ",100,6,500000,4,10,2,FULL,TOURNAMENT_SELECTION,20001 15313.5 3961.5 1105.5 3 1.5 365.5 4803 7939 147425.5,0.001,90%,10%,5%,1.1102230246251565E-16,8,true,2.15541593995E10,4,true,((6/(8+(((x-2)-((-3+x)/-1))-(3+(5*x)))))+x)*x,(((7*5)-(-3*5))*((-5/2)+(-7*-7)))*(((3/1)-(-7--4))-((-3/2)-(x+x)))
24,59," 00:00.59 ",100,6,500000,4,10,2,FULL,TOURNAMENT_SELECTION,20001 15313.5 3961.5 1105.5 3 1.5 365.5 4803 7939 147425.5,0.001,90%,10%,5%,0.0,9,true,1809061.0,4,true,((9*(1*-5))-((-9-x)*(1*7)))-(((-5+(((((-8+-8)*x)*x)*0)/(-6-(-5+2))))-(((-1/1)+-8)+-8))-((x+-8)*(1+x))),(((-5*0)/(-6-1))-((-9-x)*(1*-5)))-(((-5+2)-(1+-8))-((x+-8)*(4+x)))
12,38," 00:00.38 ",100,6,500000,4,10,2,FULL,TOURNAMENT_SELECTION,20001 15313.5 3961.5 1105.5 3 1.5 365.5 4803 7939 147425.5,0.001,90%,10%,5%,0.0,6,true,1.919454120357275E10,4,true,(((((0--5)+(x-x))+((-4/1)+(1+-2)))/(((-5+2)+(4-6))/((1+x)/(-3/7))))+((x*x)+(-4+2)))-(((0--5)+(x-x))+((-4/1)+(1+-2))),(((0--5)+(x--3))+((-6/x)*(7*-9)))/(((-5+2)+(-7-6))/((1+x)/(-3/7)))
152,549," 00:00.549 ",100,6,500000,4,10,2,FULL,TOURNAMENT_SELECTION,20001 15313.5 3961.5 1105.5 3 1.5 365.5 4803 7939 147425.5,0.001,90%,10%,5%,0.0,10,true,2.2295660252214287E10,4,true,(6+-7)+(((x+-5)--4)*(((0+(6+-7))+((0/((((7+2)*(-7-1))*(x--8))--8))*-5))+(x--2))),(((2-6)*(-9*1))*((8+-9)-(0-x)))*(((-4/7)+(2/-6))*((0+8)+(7*-5)))
116,475," 00:00.475 ",100,6,500000,4,10,2,FULL,TOURNAMENT_SELECTION,20001 15313.5 3961.5 1105.5 3 1.5 365.5 4803 7939 147425.5,0.001,90%,10%,5%,9.501082783751613E-4,10,true,8.157877044943749E9,4,true,(((9+9)*(6/4))/((0+-6)/(x-0)))*(((0-x)/((6/4)+3))-((-4+(9/(9+(9+4))))/(((((9+9)*(6/4))/((0+-6)/(x-0)))*(((6/4)/((6/6)+3))-((9+4)/6)))+(((3/(6/6))/(((6/4)/3)+3))/((6+(9+(6+9)))/(((x-(6/4))/((6/9)+(6/6)))+1)))))),(((8+9)*(6/4))/((-4+-6)/(x--8)))*(((0-x)/(1+3))-((5*-7)-(-8-2)))
706,3010," 00:03.10 ",100,6,500000,4,10,2,FULL,TOURNAMENT_SELECTION,20001 15313.5 3961.5 1105.5 3 1.5 365.5 4803 7939 147425.5,0.001,90%,10%,5%,0.0,8,true,2.0084299208168747E10,4,true,(((5-((0*(x-(1+-5)))-(1+-5)))*x)*x)-((4+-1)+-1),(((-2+x)-(9/-3))*((x/-5)/(-7-9)))*(((6+-1)-(-7*-8))/((4-3)-(-7*-1)))
11,31," 00:00.31 ",100,6,500000,4,10,2,FULL,TOURNAMENT_SELECTION,20001 15313.5 3961.5 1105.5 3 1.5 365.5 4803 7939 147425.5,0.001,90%,10%,5%,3.5390257835388184E-8,6,true,1.7336232014552082E10,4,true,((2-(-3+(0/8)))-8)+((x+(((7+-3)/(x+x))+x))/((7+-3)/(x+x))),(((-8+9)*(-3+-8))-((-2/3)/(-4*-5)))*(((3+x)+(6*5))*((x/6)/(0+-8)))
12,32," 00:00.32 ",100,6,500000,4,10,2,FULL,TOURNAMENT_SELECTION,20001 15313.5 3961.5 1105.5 3 1.5 365.5 4803 7939 147425.5,0.001,90%,10%,5%,0.0,4,true,2.2461966179E10,4,true,(((x*7)/(4--3))*x)-(-6+8),(((-1+-9)/(-1*9))-((-5+-4)+(3+0)))*(((x*7)+(6--3))-((5/-4)-(-3+-7)))
15,39," 00:00.39 ",100,6,500000,4,10,2,FULL,TOURNAMENT_SELECTION,20001 15313.5 3961.5 1105.5 3 1.5 365.5 4803 7939 147425.5,0.001,90%,10%,5%,0.0,6,true,2.2465136397E10,4,true,((x*(x+-2))/((0+-7)-(8*-1)))-(((8-((8*-1)+8))-(6+9))-((x+-9)+x)),(((-4*-8)*(x+-2))/((0+-7)-(8*-1)))-(((-9+2)-(6+8))-((-2-4)+(2*x)))
26,70," 00:00.70 ",100,6,500000,4,10,2,FULL,TOURNAMENT_SELECTION,20001 15313.5 3961.5 1105.5 3 1.5 365.5 4803 7939 147425.5,0.001,90%,10%,5%,0.0,4,true,2.23390999721E10,4,true,(((5-5)-(7/7))-(7/7))-(x*((-3--3)-x)),(((-7+-8)+(5-3))+((7--5)-(x*2)))*(((9*-8)+(4-4))*((5--1)-(7/5)))
35026,35889," 00:35.889 ",100,6,500000,4,10,2,FULL,TOURNAMENT_SELECTION,20001 15313.5 3961.5 1105.5 3 1.5 365.5 4803 7939 147425.5,0.001,90%,10%,5%,1.1102230246251565E-16,3,true,2.2384478418E10,4,true,x*((-2/x)+x),(((6+-3)-(-4*-6))*((-1*x)-(1*-3)))*(((-9/-8)*(-6/-1))+((4+9)-(-1/1)))
27412,28378," 00:28.378 ",100,6,500000,4,10,2,FULL,TOURNAMENT_SELECTION,20001 15313.5 3961.5 1105.5 3 1.5 365.5 4803 7939 147425.5,0.001,90%,10%,5%,0.0,2,true,1.99907843335E10,4,true,(x*x)-2,(((3--3)-(-2--8))-((6*-8)*(x+x)))/(((0--1)/(-8/1))/((-7*4)+(4+6)))
34,98," 00:00.98 ",100,6,500000,4,10,2,FULL,TOURNAMENT_SELECTION,20001 15313.5 3961.5 1105.5 3 1.5 365.5 4803 7939 147425.5,0.001,90%,10%,5%,1.1102230246251565E-16,3,true,2.055642163075E10,4,true,x*((-2/x)+x),(((8+7)/(1/-6))+((2/-4)*(1/-7)))*(((7*x)*(8--3))*((-5-1)*(2/8)))
24,75," 00:00.75 ",100,6,500000,4,10,2,FULL,TOURNAMENT_SELECTION,20001 15313.5 3961.5 1105.5 3 1.5 365.5 4803 7939 147425.5,0.001,90%,10%,5%,0.0,5,true,294.9271499199566,4,true,(((-7/-7)-(5+0))-((-6/8)-(2*3)))+(((-6+1)+(x*x))-((5/5)/(-3-(-7/-7)))),(((-7/5)-(5+0))-((-6/8)-(-7*3)))+(((-6+1)+(x*x))-((-5--9)/(-3-x)))
15,40," 00:00.40 ",100,6,500000,4,10,2,FULL,TOURNAMENT_SELECTION,20001 15313.5 3961.5 1105.5 3 1.5 365.5 4803 7939 147425.5,0.001,90%,10%,5%,0.0,6,true,1.685156410125E10,4,true,(((1-x)-(-3--8))*(6+(-2-x)))+((((-9-(-3--8))*5)*1)/((0/1)-5)),(((1-x)-(-3--8))*((x/-4)+(-6-5)))+(((-9-0)*(2+-6))/((0/-2)-(-6*-6)))
11,28," 00:00.28 ",100,6,500000,4,10,2,FULL,TOURNAMENT_SELECTION,20001 15313.5 3961.5 1105.5 3 1.5 365.5 4803 7939 147425.5,0.001,90%,10%,5%,0.0,4,true,1004777.5,4,true,-2-(-1-((1-x)*(-1-x))),(((-1*-1)+(1+9))/((-8*-2)/(3*4)))-(((-7--1)*(-7/-3))-((1-x)*(-6-x)))
74,326," 00:00.326 ",100,6,500000,4,10,2,FULL,TOURNAMENT_SELECTION,20001 15313.5 3961.5 1105.5 3 1.5 365.5 4803 7939 147425.5,0.001,90%,10%,5%,0.0,10,true,2.2404457143E10,4,true,((((x+4)+(-9+5))-((-6/8)*-9))*((x+7)/(0--1)))-((((x+(-6+(-1*3)))+(((((x+3)+(1+-9))-(((-9+-9)+(-6*3))*(-6+(-1*3))))+((((-6/-9)/-9)/-9)/((-1/-9)/-9)))+(-9+(-6+0))))+(((-6/-9)+(-6*3))--9))/((-9+7)*(-4*(2+(((2+6)+((-9+-5)-3))/9))))),(((6--8)-(-2/-1))+((-2--3)*(-2*-3)))-(((-8*-7)*(-2/-8))*((4*6)*(-2-x)))
14,33," 00:00.33 ",100,6,500000,4,10,2,FULL,TOURNAMENT_SELECTION,20001 15313.5 3961.5 1105.5 3 1.5 365.5 4803 7939 147425.5,0.001,90%,10%,5%,0.0,5,true,2.2182403069199997E10,4,true,(((x+-2)+((-3+x)+(-6/-3)))+((x-x)*4))+(((x+4)+-5)*((-3+x)+(-6/-3))),(((-4-8)-(3/5))-((5+-8)-(x*9)))*(((3--8)+(8+4))*((1+9)+(1-4)))
299,1208," 00:01.208 ",100,6,500000,4,10,2,FULL,TOURNAMENT_SELECTION,20001 15313.5 3961.5 1105.5 3 1.5 365.5 4803 7939 147425.5,0.001,90%,10%,5%,3.922963514924049E-6,9,true,2.2159856478325546E10,4,true,((((x/8)/(9/x))-((7+-6)-(7+-6)))/(6*-5))*(((5*((7+-4)-(-6/-6)))*(-6/(7+-6)))*(((1-((7+-6)+(((9/x)/-6)/(x/8))))*(-6/(7+(-6/1))))+(-1*(9*-4)))),(((x/8)/(9/x))+((-3/x)+(3*2)))+(((3+-8)*(-2+5))+((7+-4)-(-7/-6)))
28,88," 00:00.88 ",100,6,500000,4,10,2,FULL,TOURNAMENT_SELECTION,20001 15313.5 3961.5 1105.5 3 1.5 365.5 4803 7939 147425.5,0.001,90%,10%,5%,3.814697266513178E-6,10,true,1.0125343999997726E7,4,true,(((-9+-1)*(2-3))+(x+(0+-9)))*(7-((-9/(-9*(((-9+(2-3))*(2-3))+((x+((-6/-2)-3))+(((-6/-2)-3)+-9)))))-(-8+x))),(((-7+-1)*(2-3))+((x+-1)+(0+-9)))*(((2--9)+(-6*-8))-((-7/5)-(-8+x)))
6,16," 00:00.16 ",100,6,500000,4,10,2,FULL,TOURNAMENT_SELECTION,20001 15313.5 3961.5 1105.5 3 1.5 365.5 4803 7939 147425.5,0.001,90%,10%,5%,0.0,4,true,290.0,4,true,(((-3--1)+(x*x))+((-7+7)-(8-8)))-((-7+7)-(8-8)),(((-8*7)+(x*x))+((-7+7)-(8--5)))-(((2*2)*(-2*1))-((-8+3)*(-8+2)))
10,26," 00:00.26 ",100,6,500000,4,10,2,FULL,TOURNAMENT_SELECTION,20001 15313.5 3961.5 1105.5 3 1.5 365.5 4803 7939 147425.5,0.001,90%,10%,5%,2.9802322387695312E-8,6,true,2.143179555532986E10,4,true,(((8-(-1*(7--1)))/8)+((x/7)*(x*-7)))/-1,(((7*-8)*(-5*x))*((4-0)+(7--8)))+(((1/-4)+(-6*2))/((-1*6)*(6*-4)))
602,2783," 00:02.783 ",100,6,500000,4,10,2,FULL,TOURNAMENT_SELECTION,20001 15313.5 3961.5 1105.5 3 1.5 365.5 4803 7939 147425.5,0.001,90%,10%,5%,6.160195117617118E-4,10,true,1.42643241025E10,4,true,(((((4*x)+((4*x)/((x*5)+(((5/-4)*4)/(x+-4)))))+((((-4/(x+-1))+x)/((5*-4)-3))/(-4+-4)))-(((5/-4)*(x+-1))*3))/((((x+-1)+x)*-4)-((5/-4)*(x+-1))))+(((5/-1)/((-6*-1)-(-1/(-4+-4))))+(((5/-4)*(4*x))/((-4+-1)/x))),(((-3+4)-(1*-9))+((9*-6)*(-6*4)))*(((4*-7)-(4/x))*((5/-4)*(4*x)))
17,48," 00:00.48 ",100,6,500000,4,10,2,FULL,TOURNAMENT_SELECTION,20001 15313.5 3961.5 1105.5 3 1.5 365.5 4803 7939 147425.5,0.001,90%,10%,5%,1.1102230246251565E-16,3,true,2.22166828875E10,4,true,((x*x)+(5/-3))+((5/-3)/(-3--8)),(((-7*-9)*(9*-9))/((2+-6)/(x-6)))-(((8+x)*(6/-9))*((5-8)/(-7+-1)))
36,105," 00:00.105 ",100,6,500000,4,10,2,FULL,TOURNAMENT_SELECTION,20001 15313.5 3961.5 1105.5 3 1.5 365.5 4803 7939 147425.5,0.001,90%,10%,5%,6.237899715385575E-4,9,true,1.34802068442E10,4,true,((2/x)-x)/(-2/((2/5)*((5*x)+(((2/5)/((2/-2)*((5*x)+-2)))/((5/-2)*((5*x)+-2)))))),(((-3*6)+(-5-x))-((3+-1)+(6+7)))/(((2-9)/(-2+9))/((2/5)*(-1+x)))
64,180," 00:00.180 ",100,6,500000,4,10,2,FULL,TOURNAMENT_SELECTION,20001 15313.5 3961.5 1105.5 3 1.5 365.5 4803 7939 147425.5,0.001,90%,10%,5%,0.0,9,true,1.8709338772333332E10,4,true,(((-3/3)-((x+(-6+2))*(-1*1)))*(((-3/3)+x)+6))+(((-6+2)+1)*((6-(-1+((-3/-3)/((-3/6)+((3/3)/(-3/3))))))*(-3/3))),(((-6+-6)+(7*6))*((-8+-6)-(-8/3)))*(((x+8)*(-1*1))*((-1/3)-(8*-9)))
22,67," 00:00.67 ",100,6,500000,4,10,2,FULL,TOURNAMENT_SELECTION,20001 15313.5 3961.5 1105.5 3 1.5 365.5 4803 7939 147425.5,0.001,90%,10%,5%,0.0,8,true,2.246871230069388E10,4,true,((-8+(x--2))*(((x+-4)+-3)+(6+7)))-(((-6*-3)-(1+7))-((((((2*2)-(0--6))*-3)*(((-6/1)-(-7-1))/(-7-(-1/1))))-9)*(-6+2))),(((-8/-7)+(-2+3))/((3*8)/(4/7)))-(((9/-5)*(-9*-2))/((-1/2)*(-4/x)))
11,28," 00:00.28 ",100,6,500000,4,10,2,FULL,TOURNAMENT_SELECTION,20001 15313.5 3961.5 1105.5 3 1.5 365.5 4803 7939 147425.5,0.001,90%,10%,5%,0.0,5,true,2.246094573042857E10,4,true,(-6+4)+(1+((-6+4)+(1+(x*x)))),(((2+0)-(2/-8))/((-6*4)-(-3*1)))*(((8*8)+(-1-7))-((x*8)*(8*8)))
52,139," 00:00.139 ",100,6,500000,4,10,2,FULL,TOURNAMENT_SELECTION,20001 15313.5 3961.5 1105.5 3 1.5 365.5 4803 7939 147425.5,0.001,90%,10%,5%,0.0,6,true,1.8728394248600002E10,4,true,(-6+(9+-7))+(4+((x*x)-(((0*-2)--8)+-6))),(((4+-7)-(7--4))*((7/-5)-(5--9)))*(((8-7)+(-6-9))*((x*-8)+(8*0)))
9,24," 00:00.24 ",100,6,500000,4,10,2,FULL,TOURNAMENT_SELECTION,20001 15313.5 3961.5 1105.5 3 1.5 365.5 4803 7939 147425.5,0.001,90%,10%,5%,0.0,7,true,200958.07625472618,4,true,(9-((-2+5)+(-6-(((9--3)--3)+((x+5)*(x-6))))))+(((8-9)*(2--3))+(0+(x--6))),(((x+2)*(1/x))/((9--9)+(-5-0)))+(((9--3)-(-4-8))+((x+5)*(x-6)))
1770,8011," 00:08.11 ",100,6,500000,4,10,2,FULL,TOURNAMENT_SELECTION,20001 15313.5 3961.5 1105.5 3 1.5 365.5 4803 7939 147425.5,0.001,90%,10%,5%,0.0,4,true,2.2385814930687866E10,4,true,((x*x)+((-2/x)*x))-(0*((3-3)-(3/9))),(((-7*3)+(1*-8))/((-1*-3)/(-9*5)))/(((-1/8)-(9/1))/((x*-9)+(-3/-7)))
1252,1676," 00:01.676 ",100,6,500000,4,10,2,FULL,TOURNAMENT_SELECTION,20001 15313.5 3961.5 1105.5 3 1.5 365.5 4803 7939 147425.5,0.001,90%,10%,5%,0.0,3,true,2.03462360935E10,4,true,-1+(-1+(x*x)),(((-9*-8)*(-1+4))*((-1*3)*(x*-5)))*(((-6+3)*(0+-1))-((-6/1)/(9--1)))
13,32," 00:00.32 ",100,6,500000,4,10,2,FULL,TOURNAMENT_SELECTION,20001 15313.5 3961.5 1105.5 3 1.5 365.5 4803 7939 147425.5,0.001,90%,10%,5%,0.0,4,true,2.24708118105E10,4,true,((0-(2-x))+(x*x))-x,(((-9-7)-(-2--9))*((9*x)/(1/-3)))/(((0-8)+(-3+-5))/((-8/-9)/(-5+-1)))
263,781," 00:00.781 ",100,6,500000,4,10,2,FULL,TOURNAMENT_SELECTION,20001 15313.5 3961.5 1105.5 3 1.5 365.5 4803 7939 147425.5,0.001,90%,10%,5%,3.844732418656349E-6,10,true,1.9591008660356125E10,4,true,((8-(6+x))/((-3/6)*-4))*((((-3-x)+(((-4/6)*-4)*(-3/((((x+x)+8)-6)-6))))+(((x*-3)*(((-4/6)*-4)*(-3/(((x+-4)+8)-6))))*((8*(6+x))*0)))+((6+(-4-x))+-3)),(((-4/-9)-(6+x))/((-3/5)*(-4+-9)))*(((-2-x)+(8+3))+((6+-6)+(-2/2)))
192,723," 00:00.723 ",100,6,500000,4,10,2,FULL,TOURNAMENT_SELECTION,20001 15313.5 3961.5 1105.5 3 1.5 365.5 4803 7939 147425.5,0.001,90%,10%,5%,0.0,3,true,2.24434507595E10,4,true,((x*x)-2)/1,(((x+3)*(4-6))+((5*6)/(-9/-9)))*(((-1-2)-(x+-9))+((-9*-6)+(-6--5)))
14,43," 00:00.43 ",100,6,500000,4,10,2,FULL,TOURNAMENT_SELECTION,20001 15313.5 3961.5 1105.5 3 1.5 365.5 4803 7939 147425.5,0.001,90%,10%,5%,0.0,4,true,7836222.487604703,4,true,(((0/2)+(x*-1))*((2/2)-(x+1)))-2,(((-5*-8)+(x*-1))*((0/-6)-(x+1)))-(((0+3)-(-1*3))/((1/3)-(8*-5)))
4254,4794," 00:04.794 ",100,6,500000,4,10,2,FULL,TOURNAMENT_SELECTION,20001 15313.5 3961.5 1105.5 3 1.5 365.5 4803 7939 147425.5,0.001,90%,10%,5%,0.0,2,true,1.19794064395E10,4,true,(x*x)-2,(((9/-1)*(-4*5))-((-6+-8)*(-8*x)))*(((-5*-5)-(-3+3))+((7*-9)*(5--9)))
23,67," 00:00.67 ",100,6,500000,4,10,2,FULL,TOURNAMENT_SELECTION,20001 15313.5 3961.5 1105.5 3 1.5 365.5 4803 7939 147425.5,0.001,90%,10%,5%,3.958120942115784E-9,10,true,1.2484962998166666E10,4,true,(((x-1)*(5/-5))+((5+-8)--3))*((((5/((x+(1/-1))*((5/(1/-1))+(((5+-8)--3)/((1/-1)+-2)))))+x)/(1/-1))+(1/-1)),(((x-x)+(x+-6))*((4*x)/(4+5)))+(((-6+-2)-(-8/-8))*((-5+3)+(8+6)))
31,116," 00:00.116 ",100,6,500000,4,10,2,FULL,TOURNAMENT_SELECTION,20001 15313.5 3961.5 1105.5 3 1.5 365.5 4803 7939 147425.5,0.001,90%,10%,5%,3.893129321994593E-4,10,true,2.24141087955E10,4,true,(((9-(-1*4))+(-9*-3))*((8*0)-(-4--3)))+(((((((4*(x/4))-((0+-8)+0))*((x*1)+((-2*2)*(-6+8))))+(0+((9-(-1*4))+((-4/2)*-3))))--6)+(0+-3))-(((((1+2)/2)+-1)*(((-4/2)*-3)/((9-(-1*4))+(((4*x)-((0+-8)+(-3/x)))*((x*1)+((8*2)*(-6+8)))))))*(4/(8+(((4*(x/4))-((0+-8)+(-3/x)))*(((-4--3)*1)+((-2*2)*(-6+8)))))))),(((x-2)*(5+7))*((-6--6)+(-8*-3)))-(((-9--8)+(8+4))-((-1*0)/(8-7)))
314,1163," 00:01.163 ",100,6,500000,4,10,2,FULL,TOURNAMENT_SELECTION,20001 15313.5 3961.5 1105.5 3 1.5 365.5 4803 7939 147425.5,0.001,90%,10%,5%,2.3283153183228933E-10,10,true,2.1342403542593914E10,4,true,(-8+((((((x--6)--8)+x)*3)/6)-3))*(((x--6)-(((((((x--6)-(-3+3))--8)+((x--6)-(-3+3)))*3)/6)/((((x-1)--8)+((-6+-8)+3))/((-3+3)-1))))-3),(((3*-5)+(-7+3))*((-2-x)+(4/x)))/(((-7*9)*(4-2))/((1*1)/(-3/x)))
11423,12412," 00:12.412 ",100,6,500000,4,10,2,FULL,TOURNAMENT_SELECTION,20001 15313.5 3961.5 1105.5 3 1.5 365.5 4803 7939 147425.5,0.001,90%,10%,5%,1.1102230246251565E-16,3,true,2.233154306729512E10,4,true,(-4/6)+((-8/6)+(x*x)),(((-8--9)/(x+-2))+((x--7)+(-2*-2)))/(((-6/-7)/(-2+-8))/((0-6)*(-2*-5)))
130,492," 00:00.492 ",100,6,500000,4,10,2,FULL,TOURNAMENT_SELECTION,20001 15313.5 3961.5 1105.5 3 1.5 365.5 4803 7939 147425.5,0.001,90%,10%,5%,0.0,5,true,4.5717646414285797E8,4,true,(((4/(x+x))+x)*x)+(((-6--8)--2)+((-6-4)--2)),(((0+-3)*(-8-4))+((-6--2)+(-7+0)))/(((7/-2)/(x+1))/((x+-8)/(-2+-5)))
5055,5569," 00:05.569 ",100,6,500000,4,10,2,FULL,TOURNAMENT_SELECTION,20001 15313.5 3961.5 1105.5 3 1.5 365.5 4803 7939 147425.5,0.001,90%,10%,5%,4.072345561174917E-4,10,true,2.2463351769166668E10,4,true,((((x*x)+(-7/6))+((6/6)/(-7/6)))+((((((-7/-7)/(-7+((-7/-7)/(-7/6))))/8)/6)/8)/((-7/(-7/6))+-7)))+(((-7/6)/(-7+(-7/-9)))/8),(((x*-7)+(-7*5))/((1/-7)*(-8/-7)))-(((-2/9)+(-1*-9))+((-5+9)*(6/-6)))
20,54," 00:00.54 ",100,6,500000,4,10,2,FULL,TOURNAMENT_SELECTION,20001 15313.5 3961.5 1105.5 3 1.5 365.5 4803 7939 147425.5,0.001,90%,10%,5%,0.0,4,true,2.244033829E10,4,true,(-3-1)-((-6/(-3--6))-(x*x)),(((9-x)*(-7*9))/((9/-9)-(7/-5)))+(((7*2)/(7/6))*((-1-9)+(-6+1)))
577,2016," 00:02.16 ",100,6,500000,4,10,2,FULL,TOURNAMENT_SELECTION,20001 15313.5 3961.5 1105.5 3 1.5 365.5 4803 7939 147425.5,0.001,90%,10%,5%,0.0,3,true,9439518.0,4,true,-1+(-1+(x*x)),(((-7+x)+(-7--1))-((-6/3)-(-4*4)))*(((x-8)-(8-7))+((-7--5)+(-8+-1)))
21,51," 00:00.51 ",100,6,500000,4,10,2,FULL,TOURNAMENT_SELECTION,20001 15313.5 3961.5 1105.5 3 1.5 365.5 4803 7939 147425.5,0.001,90%,10%,5%,0.0,8,true,9.987853354E9,4,true,7+(((1-x)--2)*((((x*(5+(x+3)))-(x+3))*(0*6))-(x+3))),(((5-x)-(6--4))-((-4+1)/(1/8)))+(((4-x)*(5/9))*((0*6)-(x+3)))
29,82," 00:00.82 ",100,6,500000,4,10,2,FULL,TOURNAMENT_SELECTION,20001 15313.5 3961.5 1105.5 3 1.5 365.5 4803 7939 147425.5,0.001,90%,10%,5%,0.0,6,true,2.1639672245149353E10,4,true,(((((7-x)--9)/(7*-1))--8)*(-1-((5/(0-5))-7)))-((((5/(0-5))-7)/(8*-1))*((7-x)*(x--6))),(((8*x)*(7*-5))/((-4--3)/(6--9)))-(((x-6)*(3/-7))/((0/-4)+(5--6)))
48,158," 00:00.158 ",100,6,500000,4,10,2,FULL,TOURNAMENT_SELECTION,20001 15313.5 3961.5 1105.5 3 1.5 365.5 4803 7939 147425.5,0.001,90%,10%,5%,9.992007221626409E-16,5,true,2.2447854633E10,4,true,(((-7/9)-(x*(-1-x)))+(-1-x))+(-1-(-7/9)),(((-8+-7)+(1--4))/((-7-0)/(-4-3)))*(((-8*-4)-(-3/-2))+((8--4)*(-7-x)))
27,76," 00:00.76 ",100,6,500000,4,10,2,FULL,TOURNAMENT_SELECTION,20001 15313.5 3961.5 1105.5 3 1.5 365.5 4803 7939 147425.5,0.001,90%,10%,5%,0.0,5,true,1.87274762115E10,4,true,((((6/-6)/(6/-6))+(-6/-6))-((-2-x)*(4+(x-6))))*(((6/-6)/-6)+(-5/-6)),(((x+-9)/(-6+0))-((-8/-6)+(-3*1)))*(((7*0)*(0--6))-((x-6)-(0/-2)))
16,44," 00:00.44 ",100,6,500000,4,10,2,FULL,TOURNAMENT_SELECTION,20001 15313.5 3961.5 1105.5 3 1.5 365.5 4803 7939 147425.5,0.001,90%,10%,5%,0.0,9,true,2.2462862356166664E10,4,true,(((x*((-7+x)-(-3+-4)))-(1+0))+(((-2/x)*0)*(-3+-9)))+((-1-(-4*(-7*(5*0))))-(((((-2*((-7*3)/7))-(-4*8))/x)*0)*(-7*4))),(((x+-4)+(4+-8))*((-5/3)-(-6+-7)))*(((-9-3)/(-1+-3))-((1+-2)+(7+-7)))
36,92," 00:00.92 ",100,6,500000,4,10,2,FULL,TOURNAMENT_SELECTION,20001 15313.5 3961.5 1105.5 3 1.5 365.5 4803 7939 147425.5,0.001,90%,10%,5%,1.1102230246251565E-16,5,true,2.2391226330277775E10,4,true,x*((6/(x*(6-9)))+x),(((-8-7)*(2/6))+((-6+0)*(-7-5)))*(((3*0)+(-6/-1))+((6*x)+(1/-9)))
25,74," 00:00.74 ",100,6,500000,4,10,2,FULL,TOURNAMENT_SELECTION,20001 15313.5 3961.5 1105.5 3 1.5 365.5 4803 7939 147425.5,0.001,90%,10%,5%,0.0,8,true,2.2450868465571426E10,4,true,(((((7*6)-(2*(-6/(6*5))))--1)-(2*6))*(((((-5*1)*x)*1)*(x--5))*(-9--9)))+(((x*((-5*1)*x))+(8+2))*((-5-1)/(6*5))),(((-7+-2)-(2*6))*((-5*1)*(x--5)))+(((x*0)+(8+5))*((-6-5)/(7*1)))
43,116," 00:00.116 ",100,6,500000,4,10,2,FULL,TOURNAMENT_SELECTION,20001 15313.5 3961.5 1105.5 3 1.5 365.5 4803 7939 147425.5,0.001,90%,10%,5%,0.0,9,true,2.09594062815E10,4,true,(((x/((x*-1)-(((9/-1)*8)-(((9/-1)-x)*(8-x)))))-x)*(x*-1))+-1,(((9/-1)-(1*0))*((9+-7)*(7/-9)))+(((-7*7)*(-8+-1))*((-1+-2)*(x*-6)))
128,630," 00:00.630 ",100,6,500000,4,10,2,FULL,TOURNAMENT_SELECTION,20001 15313.5 3961.5 1105.5 3 1.5 365.5 4803 7939 147425.5,0.001,90%,10%,5%,0.0,2,true,2.0780595932E10,4,true,-2+(x*x),(((4*-7)*(1--2))+((0*-6)-(5--5)))*(((0+-1)*(-3--9))*((-8*-2)*(x-4)))
57,197," 00:00.197 ",100,6,500000,4,10,2,FULL,TOURNAMENT_SELECTION,20001 15313.5 3961.5 1105.5 3 1.5 365.5 4803 7939 147425.5,0.001,90%,10%,5%,8.881784197001252E-16,10,true,1.7979735561000004E10,4,true,((-6-(-9-8))-((x/-1)-(0+-9)))*((-7+(-5/-1))-((((-6-8)--6)/(-4*(((((-6-8)--6)-(8+x))+(-5/-1))--9)))-(1*x))),(((-1/8)-(-4/2))-((x/-5)-(0+-7)))*(((-9+-6)+(-6/5))-((5--6)-(-1+x)))
6,17," 00:00.17 ",100,6,500000,4,10,2,FULL,TOURNAMENT_SELECTION,20001 15313.5 3961.5 1105.5 3 1.5 365.5 4803 7939 147425.5,0.001,90%,10%,5%,0.0,2,true,1.4463792E7,4,true,-2+(x*x),(((x+-5)*(8*9))+((-2*-2)+(x*x)))+(((7--1)-(9*-6))-((-8*-2)/(-9+5)))
2382,12898," 00:12.898 ",100,6,500000,4,10,2,FULL,TOURNAMENT_SELECTION,20001 15313.5 3961.5 1105.5 3 1.5 365.5 4803 7939 147425.5,0.001,90%,10%,5%,9.615897867202849E-4,10,true,2.2099429389555557E10,4,true,((3/8)-(x*-1))*(((((((8+3)*4)-(8+8))*(3+(((3*4)/8)-4)))/((((x*-1)*(8+8))-8)-((8/(x+(x*5)))+(((8+(8+8))/(4+(x*x)))+(3/((4+3)/8))))))+(((8+-7)+((((4+3)/8)-(0+(8+-7)))/((8/(4+(x*x)))+8)))/(x*-1)))+(((5/8)-((8+-7)+(3/(((8+-7)+x)*(8*(-7*x))))))-(x*-1))),(((7+-8)/(-1/x))-((-1+-3)*(-6*x)))*(((4*4)-(9*-3))*((-8+-9)/(7+2)))
391,1314," 00:01.314 ",100,6,500000,4,10,2,FULL,TOURNAMENT_SELECTION,20001 15313.5 3961.5 1105.5 3 1.5 365.5 4803 7939 147425.5,0.001,90%,10%,5%,3.725290520506519E-9,9,true,2.1608116332807693E10,4,true,(((0-x)-(-7+3))+((-7+(3/(((-7+x)-((-5+-7)+-5))/(-7+((0-x)-3)))))/(-5/(-7/((((-7+x)-(-5+-5))+(3--5))+-7)))))*((-7+3)-x),(((6-x)-(-9+3))+((6+-5)-(-5+-7)))*(((9--8)+(x/-2))/((3/1)+(4--6)))
6,14," 00:00.14 ",100,6,500000,4,10,2,FULL,TOURNAMENT_SELECTION,20001 15313.5 3961.5 1105.5 3 1.5 365.5 4803 7939 147425.5,0.001,90%,10%,5%,0.0,4,true,602947.0,4,true,(((4+x)-6)*((-7+x)+(1+8)))-(((6-2)-(4+-9))-((3+0)-(-3+-5))),(((4+x)-(6-2))*((-7+x)+(1+8)))-(((2/-1)-(x+4))-((3+0)-(-3+-5)))
158,684," 00:00.684 ",100,6,500000,4,10,2,FULL,TOURNAMENT_SELECTION,20001 15313.5 3961.5 1105.5 3 1.5 365.5 4803 7939 147425.5,0.001,90%,10%,5%,6.983233400603694E-4,10,true,2.0429060959545456E10,4,true,(((6+6)-(8+((((2/x)/(((x*-7)/(-4/x))+8))/((((-7*1)*(x+x))/(-4/8))+x))+(-7*((-7*1)+-2)))))*(-4+(-6/-3)))-(((-8+((((x*-7)/(-4/x))+((((2/x)*-2)/8)*((2/(x*-7))/-7)))/((((2/x)*-2)+(-4*-7))-((2/x)*-2))))*(-9+(-7*1)))+-8),(((x*-7)/(-4/x))+((-3--3)*(-6+8)))/(((-5-3)+(-4*-7))-((2/-2)*(6/-8)))
380,1510," 00:01.510 ",100,6,500000,4,10,2,FULL,TOURNAMENT_SELECTION,20001 15313.5 3961.5 1105.5 3 1.5 365.5 4803 7939 147425.5,0.001,90%,10%,5%,0.0,3,true,2.214841461E10,4,true,(6+(x*x))-8,(((-6*8)-(5/-5))+((-5-x)+(2--9)))*(((-9-9)*(5/-1))*((0+0)-(9*2)))
119,353," 00:00.353 ",100,6,500000,4,10,2,FULL,TOURNAMENT_SELECTION,20001 15313.5 3961.5 1105.5 3 1.5 365.5 4803 7939 147425.5,0.001,90%,10%,5%,1.1102230246251565E-16,9,true,1.9354761032113094E10,4,true,(((8+(8+-4))+(((-8-x)+-8)-x))*((x*-4)+(((-4*-4)/((8+(8+-4))+(((-8-x)+-8)-x)))+8)))/8,(((-9-x)+(2*-8))/((0--4)/(8-3)))*(((8+-6)+(8*2))-((2/-7)-(x/-9)))
120,440," 00:00.440 ",100,6,500000,4,10,2,FULL,TOURNAMENT_SELECTION,20001 15313.5 3961.5 1105.5 3 1.5 365.5 4803 7939 147425.5,0.001,90%,10%,5%,3.958125383007882E-9,8,true,2.221189721E10,4,true,-2+(((-9/((-2/((6+-2)+7))*(7-x)))+((((7+x)/((-2/6)*(7-x)))/((-4+-2)*(-7-x)))-((-2/-2)+(6+x))))*(7-x)),(((-7+7)/(2+-6))/((-7--9)-(-7*x)))+(((x*3)*(-2*5))*((-5/-3)+(9*-5)))
99,272," 00:00.272 ",100,6,500000,4,10,2,FULL,TOURNAMENT_SELECTION,20001 15313.5 3961.5 1105.5 3 1.5 365.5 4803 7939 147425.5,0.001,90%,10%,5%,1.8626509779018363E-9,10,true,2.1821714478100002E10,4,true,(5-((x/5)--5))*(((((x-(-1-(-1*((-5/x)-5))))-6)-(-1-(-1*((-5/x)-5))))-6)-((-5+-1)*(x*-1))),(((-1-9)+(-1-7))-((6*-7)*(-7-6)))*(((x/5)-(-4*6))-((-5+-1)*(x*-1)))
263,907," 00:00.907 ",100,6,500000,4,10,2,FULL,TOURNAMENT_SELECTION,20001 15313.5 3961.5 1105.5 3 1.5 365.5 4803 7939 147425.5,0.001,90%,10%,5%,8.651600757048072E-4,10,true,2.10277129955E10,4,true,-1-((((1*(-1/-7))*7)+x)*((((((-3/-3)*1)*1)*(-1/-7))*7)+((((((-1/-7)*(-3/-5))*(-3/x))*(1/-7))/((-3/(1*((1/7)/-7)))+x))+(-1*x)))),(((4*-5)*(1*7))*((0/-3)-(-3/2)))*(((-5*-4)-(-3*x))*((-8*4)*(-3/-8)))
70,184," 00:00.184 ",100,6,500000,4,10,2,FULL,TOURNAMENT_SELECTION,20001 15313.5 3961.5 1105.5 3 1.5 365.5 4803 7939 147425.5,0.001,90%,10%,5%,0.0,3,true,2.13163174563E10,4,true,((x*x)-1)-1,(((4*-5)/(9+1))+((1/-9)/(8/5)))*(((x*-5)+(6/-5))*((4*9)*(7--9)))
15,40," 00:00.40 ",100,6,500000,4,10,2,FULL,TOURNAMENT_SELECTION,20001 15313.5 3961.5 1105.5 3 1.5 365.5 4803 7939 147425.5,0.001,90%,10%,5%,5.9604644775390625E-8,6,true,1.7486322986499992E10,4,true,-3+(3+((0--1)+((x+(-3/x))*x))),(((2*-8)-(x+6))/((0/-9)-(-9+6)))*(((4*x)*(8/-6))+((-1/-2)*(-7+-1)))
83,269," 00:00.269 ",100,6,500000,4,10,2,FULL,TOURNAMENT_SELECTION,20001 15313.5 3961.5 1105.5 3 1.5 365.5 4803 7939 147425.5,0.001,90%,10%,5%,1.862645149230957E-9,8,true,2.24661441765E10,4,true,((x*-1)/6)*((((((6/6)-((x+7)+6))+(7-(x+7)))/((((x*-1)/6)*x)+(x*-1)))-(-8+7))+(-1-(6*x))),(((8+-2)*(7/2))-((x--6)+(4+-2)))*(((-4*6)-(3/-1))+((-5-9)-(0-6)))
51,156," 00:00.156 ",100,6,500000,4,10,2,FULL,TOURNAMENT_SELECTION,20001 15313.5 3961.5 1105.5 3 1.5 365.5 4803 7939 147425.5,0.001,90%,10%,5%,0.0,4,true,1.96618424694375E10,4,true,((6-x)*((8/-5)-(-2/-5)))+(((2-x)*(x/-1))+(-2*-5)),(((-4*8)*(-7-1))*((8/-5)-(-2/2)))+(((-7*-1)+(x*6))+((3-x)*(x/-8)))
7,19," 00:00.19 ",100,6,500000,4,10,2,FULL,TOURNAMENT_SELECTION,20001 15313.5 3961.5 1105.5 3 1.5 365.5 4803 7939 147425.5,0.001,90%,10%,5%,0.0,5,true,2.2453550293E10,4,true,(((x*x)+(-8+-4))+((-3/4)*(-6+-8)))+((8-0)/(8*((0--4)-6))),(((-5+-6)/(3*3))*((-5*-6)/(-4*-2)))/(((1*4)+(-9--8))/((x*6)*(-1+-9)))
13,39," 00:00.39 ",100,6,500000,4,10,2,FULL,TOURNAMENT_SELECTION,20001 15313.5 3961.5 1105.5 3 1.5 365.5 4803 7939 147425.5,0.001,90%,10%,5%,0.0,7,true,200995.66666794638,4,true,(((-1+-6)-(-7+9))+((-7+7)/(0+((5*(-8-3))/1))))-(((-8-8)+-2)-((-8-3)+(x*x))),(((-1+-6)-(-7+9))+((-7+-6)/(0+-3)))-(((x-8)+(-1*-2))-((-8-3)+(x*x)))
31,96," 00:00.96 ",100,6,500000,4,10,2,FULL,TOURNAMENT_SELECTION,20001 15313.5 3961.5 1105.5 3 1.5 365.5 4803 7939 147425.5,0.001,90%,10%,5%,1.1102230246251565E-16,9,true,2.1819784977428574E10,4,true,(((-9/-9)/(-5*(x/(7-((x+-3)-(-5*(x/-5)))))))-((((6/6)--2)+-3)-(-5*(x/-5))))*x,(((x/-7)/(-6-0))-((-9+-3)-(-5*-6)))*(((-5/5)/(6/6))*((x/-5)*(1--5)))
17,47," 00:00.47 ",100,6,500000,4,10,2,FULL,TOURNAMENT_SELECTION,20001 15313.5 3961.5 1105.5 3 1.5 365.5 4803 7939 147425.5,0.001,90%,10%,5%,0.0,4,true,8.425530739125E9,5,true,((x/8)*(x-(x*-7)))-2,(((5+-4)+(x/8))*((-6*-3)-(x*-5)))-(((1/2)*(-3*1))*((2+7)*(2/(-6/-7))))
25404,26265," 00:26.265 ",100,6,500000,4,10,2,FULL,TOURNAMENT_SELECTION,20001 15313.5 3961.5 1105.5 3 1.5 365.5 4803 7939 147425.5,0.001,90%,10%,5%,0.0,3,true,2.2452679824357796E10,4,true,((x*x)-1)-1,(((-5--7)-(5*4))/((7/-8)-(-8*-5)))-(((-8/-7)*(7*2))*((6/4)+(x*-6)))
108,352," 00:00.352 ",100,6,500000,4,10,2,FULL,TOURNAMENT_SELECTION,20001 15313.5 3961.5 1105.5 3 1.5 365.5 4803 7939 147425.5,0.001,90%,10%,5%,1.1102230246251565E-16,9,true,2.202577593E10,4,true,(x-((((-2--1)-(x*(-1+1)))+2)*(((x-0)-(x+3))*((-2/((1-1)+((-2--8)*x)))*(1+1)))))*x,(((0*-7)/(2/-8))+((3-8)-(-2*-1)))*(((7--2)+(0-4))*((-8*8)*(7+x)))
8,26," 00:00.26 ",100,6,500000,4,10,2,FULL,TOURNAMENT_SELECTION,20001 15313.5 3961.5 1105.5 3 1.5 365.5 4803 7939 147425.5,0.001,90%,10%,5%,0.0,4,true,3214228.125,4,true,(((x--7)*(x-7))+((8*-7)*(2+-3)))+(((9/-8)*(-1*-2))*((-1*-2)*(9+-7))),(((x-9)*(x-7))+((8*1)*(2+-3)))+(((9/-8)*(-1*-2))*((-1/8)*(1+-7)))
17,51," 00:00.51 ",100,6,500000,4,10,2,FULL,TOURNAMENT_SELECTION,20001 15313.5 3961.5 1105.5 3 1.5 365.5 4803 7939 147425.5,0.001,90%,10%,5%,9.499490360997953E-8,6,true,2.143174817665278E10,4,true,((x/1)-(1/(((x/1)/-2)+x)))/(1/x),(((x*1)+(1/-8))-((7+6)+(0-6)))/(((7--5)*(5--4))/((-4+-1)*(9-x)))
73,250," 00:00.250 ",100,6,500000,4,10,2,FULL,TOURNAMENT_SELECTION,20001 15313.5 3961.5 1105.5 3 1.5 365.5 4803 7939 147425.5,0.001,90%,10%,5%,0.0,6,true,1.395683676729168E9,4,true,(2*-4)-((-6+(((-7--7)-(-6+3))*x))-(x*(x+3))),(((3+6)-(3+x))*((-7+-8)/(8/4)))*(((-7/-2)+(x/8))+((2*2)*(-7/-9)))
811,1361," 00:01.361 ",100,6,500000,4,10,2,FULL,TOURNAMENT_SELECTION,20001 15313.5 3961.5 1105.5 3 1.5 365.5 4803 7939 147425.5,0.001,90%,10%,5%,3.917404683528858E-6,4,true,2.24670630665E10,4,true,(((x*x)+(-4/6))+(-4/6))+(-4/6),(((-1-4)*(-8+6))+((3/-3)+(7*2)))*(((3*8)-(4/-4))*((-6*6)*(-7*8)))
12,30," 00:00.30 ",100,6,500000,4,10,2,FULL,TOURNAMENT_SELECTION,20001 15313.5 3961.5 1105.5 3 1.5 365.5 4803 7939 147425.5,0.001,90%,10%,5%,0.0,6,true,1.1238545236E10,4,true,(x*x)+(-4+(((8+-3)+7)-(-3+((8+-3)+8)))),(((-2+-6)-(8--4))+((x+-6)+(-3/-6)))*(((5+7)*(-1*x))*((4/-6)/(8*2)))
7892,37227," 00:37.227 ",100,6,500000,4,10,2,FULL,TOURNAMENT_SELECTION,20001 15313.5 3961.5 1105.5 3 1.5 365.5 4803 7939 147425.5,0.001,90%,10%,5%,7.032938732335903E-4,10,true,8601381.916668326,4,true,(((x+-9)-(9/(x+((-4-4)/((x+(-9/-3))-(9-(-9+-9)))))))+(4/(((((x+(-4-4))+((-9-x)/(x+(x+4))))+(-9-((-9/-3)/9)))+(-9/(x+(2+-4))))-(((x+-9)+-9)/-3))))*(((4/((x+-9)-(-9/((x+(-4-4))+-9))))/((9/(-9-(4/9)))--1))-(-5-(x+4))),(((x+-9)-(4/9))+((-8*-6)+(1--1)))*(((-1*9)/(8+4))-((2+-6)-(-1+x)))
5,13," 00:00.13 ",100,6,500000,4,10,2,FULL,TOURNAMENT_SELECTION,20001 15313.5 3961.5 1105.5 3 1.5 365.5 4803 7939 147425.5,0.001,90%,10%,5%,0.0,5,true,1004555.0,4,true,(((6-6)-((-7--8)+x))*((-7--8)-(x/1)))+(((9--8)-(4--2))-((-4--9)+(9+-2))),(((6-6)-(-4+x))*((-7--8)-(x/1)))+(((-3--8)-(-7--2))-((-4--9)+(9+-2)))
2878,10460," 00:10.460 ",100,6,500000,4,10,2,FULL,TOURNAMENT_SELECTION,20001 15313.5 3961.5 1105.5 3 1.5 365.5 4803 7939 147425.5,0.001,90%,10%,5%,0.0,4,true,2.2468815303979164E10,4,true,3+(((x*x)+-6)+1),(((7*-6)/(-6*-6))+((3*x)/(0+1)))*(((-1+6)*(-1+2))-((-4-7)/(8*6)))
46,153," 00:00.153 ",100,6,500000,4,10,2,FULL,TOURNAMENT_SELECTION,20001 15313.5 3961.5 1105.5 3 1.5 365.5 4803 7939 147425.5,0.001,90%,10%,5%,0.0,9,true,2.0618608954063576E10,4,true,((((1+5)*((5+(-3/6))-((-3/6)-(((1+-2)*5)/6))))-1)-((7+5)*(x*x)))/(((7+1)/(-1/(5+1)))/((-3/6)*(-8/1))),(((6+5)*(6--2))-((7+5)*(x*x)))/(((-7-8)*(7+4))+((6/-4)*(-5-8)))
176,760," 00:00.760 ",100,6,500000,4,10,2,FULL,TOURNAMENT_SELECTION,20001 15313.5 3961.5 1105.5 3 1.5 365.5 4803 7939 147425.5,0.001,90%,10%,5%,1.1102230246251565E-16,5,true,2.1729665612823532E10,4,true,(((x*(-9/9))*(x*(-9/9)))-(-9/-7))-(-5/-7),(((-8*-7)*(-9*6))*((7*-3)/(-9-8)))*(((1+-2)*(8+x))-((-9--9)+(8/4)))
42,168," 00:00.168 ",100,6,500000,4,10,2,FULL,TOURNAMENT_SELECTION,20001 15313.5 3961.5 1105.5 3 1.5 365.5 4803 7939 147425.5,0.001,90%,10%,5%,1.1102230246251565E-16,8,true,1785966.6666632923,4,true,(((x/-4)*(7-3))+((0/6)*(-3+(6+7))))*(((-1*7)-(x-(6--1)))-(3/(-9*((((6-3)-3)/9)+((1/6)*x))))),(((x/-4)*(7-3))+((0/5)*(-8--2)))*(((-1*8)-(x--1))-((6-3)/(-9*3)))
45,136," 00:00.136 ",100,6,500000,4,10,2,FULL,TOURNAMENT_SELECTION,20001 15313.5 3961.5 1105.5 3 1.5 365.5 4803 7939 147425.5,0.001,90%,10%,5%,3.958120942115784E-9,4,true,2.244191621286111E10,4,true,((-1*x)--1)*(((3-2)/(-1+x))+(-1+(-1*x))),(((7/2)/(9--9))-((5*5)*(9+-3)))*(((-3-2)/(1/-8))+((-1+-7)+(-1*x)))
41,137," 00:00.137 ",100,6,500000,4,10,2,FULL,TOURNAMENT_SELECTION,20001 15313.5 3961.5 1105.5 3 1.5 365.5 4803 7939 147425.5,0.001,90%,10%,5%,0.0,10,true,2.242616850327778E10,4,true,(((-9*7)-(0*7))*(x*(((0--1)*(x/8))/-9)))-(-1-(((((x*(((0--1)*(x/8))/((4+0)*(-8--5))))+-1)*-4)-5)*(-1*-3))),(((-9*5)-(0*7))*((x*-5)+(-6*-4)))-(((5/9)*(1--4))-((x-5)*(-1*-3)))
35,99," 00:00.99 ",100,6,500000,4,10,2,FULL,TOURNAMENT_SELECTION,20001 15313.5 3961.5 1105.5 3 1.5 365.5 4803 7939 147425.5,0.001,90%,10%,5%,2.3283153183228933E-10,6,true,2.246880293575E10,4,true,((x*-1)--4)*(((x+(5-(-6--1)))/((x*-1)--4))-((-1--4)+x)),(((7/-1)-(-1-9))/((4/3)/(x*7)))+(((-5-7)-(-6/3))+((3+5)*(-9+6)))
13,32," 00:00.32 ",100,6,500000,4,10,2,FULL,TOURNAMENT_SELECTION,20001 15313.5 3961.5 1105.5 3 1.5 365.5 4803 7939 147425.5,0.001,90%,10%,5%,0.0,2,true,8237589.0,4,true,(x*x)+(5+-7),(((0-1)+(2*x))*((9*-3)+(x+7)))-(((x*x)-(-5+4))-((-6+8)/(1/-6)))

